Library,Status,Mypy,Pyright,Type Checked Samples,Pylint,Sphinx,Tests - CI,Tests - Live,SLA - Questions,SLA - Bugs,Total customer-reported issues,Mypy_link,Pyright_link,Pylint_link,Sphinx_link,Tests - CI_link,Tests - Live_link,SLA - Questions_link,SLA - Bugs_link,Total customer-reported issues_link,Last Refresh,SDK Owned
azure-agrifood-farming,BLOCKED,DISABLED,DISABLED,DISABLED,DISABLED,DISABLED,DISABLED,DISABLED,0,0,0,,,,,,,,,,08-16-2024 10:24:35,False
azure-ai-contentsafety,BLOCKED,PASS,FAIL,ENABLED,WARNING,PASS,PASS,UNKNOWN,0,0,1,https://dev.azure.com/azure-sdk/590cfd2a-581c-4dcb-a12e-6568ce786175/_build/results?buildId=4055434,https://dev.azure.com/azure-sdk/590cfd2a-581c-4dcb-a12e-6568ce786175/_build/results?buildId=4055434,https://dev.azure.com/azure-sdk/590cfd2a-581c-4dcb-a12e-6568ce786175/_build/results?buildId=4041167,https://dev.azure.com/azure-sdk/590cfd2a-581c-4dcb-a12e-6568ce786175/_build/results?buildId=4055434,https://dev.azure.com/azure-sdk/590cfd2a-581c-4dcb-a12e-6568ce786175/_build/results?buildId=4055434,,,,https://github.com/Azure/azure-sdk-for-python/issues?q=is%3Aopen+is%3Aissue+label%3Acustomer-reported+label%3AClient+label%3A%22Content+Safety%22,08-16-2024 10:24:35,False
azure-ai-documentintelligence,NEEDS_ACTION,PASS,DISABLED,ENABLED,WARNING,PASS,PASS,FAIL,0,0,3,https://dev.azure.com/azure-sdk/590cfd2a-581c-4dcb-a12e-6568ce786175/_build/results?buildId=4057987,,https://dev.azure.com/azure-sdk/590cfd2a-581c-4dcb-a12e-6568ce786175/_build/results?buildId=4041298,https://dev.azure.com/azure-sdk/590cfd2a-581c-4dcb-a12e-6568ce786175/_build/results?buildId=4057987,https://dev.azure.com/azure-sdk/590cfd2a-581c-4dcb-a12e-6568ce786175/_build/results?buildId=4057987,https://dev.azure.com/azure-sdk/590cfd2a-581c-4dcb-a12e-6568ce786175/_build/results?buildId=4058017,,,https://github.com/Azure/azure-sdk-for-python/issues?q=is%3Aopen+is%3Aissue+label%3Acustomer-reported+label%3AClient+label%3A%22Document+Intelligence%22,08-16-2024 10:24:35,True
azure-ai-formrecognizer,NEEDS_ACTION,WARNING,DISABLED,DISABLED,DISABLED,PASS,PASS,UNKNOWN,0,0,1,https://dev.azure.com/azure-sdk/590cfd2a-581c-4dcb-a12e-6568ce786175/_build/results?buildId=4041764,,,https://dev.azure.com/azure-sdk/590cfd2a-581c-4dcb-a12e-6568ce786175/_build/results?buildId=4056497,https://dev.azure.com/azure-sdk/590cfd2a-581c-4dcb-a12e-6568ce786175/_build/results?buildId=4056497,https://dev.azure.com/azure-sdk/590cfd2a-581c-4dcb-a12e-6568ce786175/_build/results?buildId=4058207,,,https://github.com/Azure/azure-sdk-for-python/issues?q=is%3Aopen+is%3Aissue+label%3Acustomer-reported+label%3AClient+label%3A%22Cognitive+-+Form+Recognizer%22,08-16-2024 10:24:35,True
azure-ai-inference,NEEDS_ACTION,WARNING,WARNING,ENABLED,WARNING,PASS,PASS,UNKNOWN,0,0,0,https://dev.azure.com/azure-sdk/590cfd2a-581c-4dcb-a12e-6568ce786175/_build/results?buildId=3837976,https://dev.azure.com/azure-sdk/590cfd2a-581c-4dcb-a12e-6568ce786175/_build/results?buildId=3837976,https://dev.azure.com/azure-sdk/590cfd2a-581c-4dcb-a12e-6568ce786175/_build/results?buildId=3837976,https://dev.azure.com/azure-sdk/590cfd2a-581c-4dcb-a12e-6568ce786175/_build/results?buildId=4055207,https://dev.azure.com/azure-sdk/590cfd2a-581c-4dcb-a12e-6568ce786175/_build/results?buildId=4055207,,,,,08-16-2024 10:24:35,False
azure-ai-language-conversations,NEEDS_ACTION,PASS,PASS,ENABLED,WARNING,PASS,PASS,FAIL,0,0,0,https://dev.azure.com/azure-sdk/590cfd2a-581c-4dcb-a12e-6568ce786175/_build/results?buildId=4058042,https://dev.azure.com/azure-sdk/590cfd2a-581c-4dcb-a12e-6568ce786175/_build/results?buildId=4058042,https://dev.azure.com/azure-sdk/590cfd2a-581c-4dcb-a12e-6568ce786175/_build/results?buildId=4041731,https://dev.azure.com/azure-sdk/590cfd2a-581c-4dcb-a12e-6568ce786175/_build/results?buildId=4058042,https://dev.azure.com/azure-sdk/590cfd2a-581c-4dcb-a12e-6568ce786175/_build/results?buildId=4058042,https://dev.azure.com/azure-sdk/590cfd2a-581c-4dcb-a12e-6568ce786175/_build/results?buildId=4057694,,,,08-16-2024 10:24:35,False
azure-ai-language-questionanswering,NEEDS_ACTION,PASS,PASS,ENABLED,WARNING,PASS,PASS,FAIL,0,0,0,https://dev.azure.com/azure-sdk/590cfd2a-581c-4dcb-a12e-6568ce786175/_build/results?buildId=4058042,https://dev.azure.com/azure-sdk/590cfd2a-581c-4dcb-a12e-6568ce786175/_build/results?buildId=4058042,https://dev.azure.com/azure-sdk/590cfd2a-581c-4dcb-a12e-6568ce786175/_build/results?buildId=4041731,https://dev.azure.com/azure-sdk/590cfd2a-581c-4dcb-a12e-6568ce786175/_build/results?buildId=4058042,https://dev.azure.com/azure-sdk/590cfd2a-581c-4dcb-a12e-6568ce786175/_build/results?buildId=4058042,https://dev.azure.com/azure-sdk/590cfd2a-581c-4dcb-a12e-6568ce786175/_build/results?buildId=4057694,,,,08-16-2024 10:24:35,False
azure-ai-ml,NEEDS_ACTION,WARNING,DISABLED,DISABLED,WARNING,PASS,PASS,PASS,48,15,78,https://dev.azure.com/azure-sdk/590cfd2a-581c-4dcb-a12e-6568ce786175/_build/results?buildId=4041874,,https://dev.azure.com/azure-sdk/590cfd2a-581c-4dcb-a12e-6568ce786175/_build/results?buildId=4041874,https://dev.azure.com/azure-sdk/590cfd2a-581c-4dcb-a12e-6568ce786175/_build/results?buildId=4058213,https://dev.azure.com/azure-sdk/590cfd2a-581c-4dcb-a12e-6568ce786175/_build/results?buildId=4058213,https://dev.azure.com/azure-sdk/590cfd2a-581c-4dcb-a12e-6568ce786175/_build/results?buildId=1791608,https://github.com/Azure/azure-sdk-for-python/issues?q=is%3Aopen+is%3Aissue+label%3Acustomer-reported+label%3AClient+-label%3Aissue-addressed+-label%3Abug+-label%3Aneeds-author-feedback+-label%3Afeature-request+label%3A%22Machine+Learning%22+created%3A%22%3C2024-07-17%22,https://github.com/Azure/azure-sdk-for-python/issues?q=is%3Aopen+is%3Aissue+label%3Acustomer-reported+label%3AClient+-label%3Aissue-addressed+-label%3Aquestion+-label%3Aneeds-author-feedback+-label%3Afeature-request+label%3A%22Machine+Learning%22+created%3A%22%3C2024-05-18%22,https://github.com/Azure/azure-sdk-for-python/issues?q=is%3Aopen+is%3Aissue+label%3Acustomer-reported+label%3AClient+label%3A%22Machine+Learning%22,08-16-2024 10:24:35,False
azure-ai-textanalytics,GOOD,PASS,DISABLED,ENABLED,PASS,PASS,PASS,UNKNOWN,1,0,1,https://dev.azure.com/azure-sdk/590cfd2a-581c-4dcb-a12e-6568ce786175/_build/results?buildId=4055494,,https://dev.azure.com/azure-sdk/590cfd2a-581c-4dcb-a12e-6568ce786175/_build/results?buildId=4055494,https://dev.azure.com/azure-sdk/590cfd2a-581c-4dcb-a12e-6568ce786175/_build/results?buildId=4055494,https://dev.azure.com/azure-sdk/590cfd2a-581c-4dcb-a12e-6568ce786175/_build/results?buildId=4055494,https://dev.azure.com/azure-sdk/590cfd2a-581c-4dcb-a12e-6568ce786175/_build/results?buildId=4055567,https://github.com/Azure/azure-sdk-for-python/issues?q=is%3Aopen+is%3Aissue+label%3Acustomer-reported+label%3AClient+-label%3Aissue-addressed+-label%3Abug+-label%3Aneeds-author-feedback+-label%3Afeature-request+label%3A%22Cognitive+-+Text+Analytics%22+created%3A%22%3C2024-07-17%22,,https://github.com/Azure/azure-sdk-for-python/issues?q=is%3Aopen+is%3Aissue+label%3Acustomer-reported+label%3AClient+label%3A%22Cognitive+-+Text+Analytics%22,08-16-2024 10:24:35,False
azure-ai-translation-document,NEEDS_ACTION,PASS,DISABLED,ENABLED,WARNING,PASS,PASS,UNKNOWN,2,0,2,https://dev.azure.com/azure-sdk/590cfd2a-581c-4dcb-a12e-6568ce786175/_build/results?buildId=4057944,,https://dev.azure.com/azure-sdk/590cfd2a-581c-4dcb-a12e-6568ce786175/_build/results?buildId=4041467,https://dev.azure.com/azure-sdk/590cfd2a-581c-4dcb-a12e-6568ce786175/_build/results?buildId=4057944,https://dev.azure.com/azure-sdk/590cfd2a-581c-4dcb-a12e-6568ce786175/_build/results?buildId=4057944,https://dev.azure.com/azure-sdk/590cfd2a-581c-4dcb-a12e-6568ce786175/_build/results?buildId=4057899,https://github.com/Azure/azure-sdk-for-python/issues?q=is%3Aopen+is%3Aissue+label%3Acustomer-reported+label%3AClient+-label%3Aissue-addressed+-label%3Abug+-label%3Aneeds-author-feedback+-label%3Afeature-request+label%3A%22Cognitive+-+Translator%22+created%3A%22%3C2024-07-17%22,,https://github.com/Azure/azure-sdk-for-python/issues?q=is%3Aopen+is%3Aissue+label%3Acustomer-reported+label%3AClient+label%3A%22Cognitive+-+Translator%22,08-16-2024 10:24:35,False
azure-ai-translation-text,NEEDS_ACTION,PASS,WARNING,ENABLED,WARNING,PASS,PASS,UNKNOWN,2,0,2,https://dev.azure.com/azure-sdk/590cfd2a-581c-4dcb-a12e-6568ce786175/_build/results?buildId=4057944,https://dev.azure.com/azure-sdk/590cfd2a-581c-4dcb-a12e-6568ce786175/_build/results?buildId=4041467,https://dev.azure.com/azure-sdk/590cfd2a-581c-4dcb-a12e-6568ce786175/_build/results?buildId=4041467,https://dev.azure.com/azure-sdk/590cfd2a-581c-4dcb-a12e-6568ce786175/_build/results?buildId=4057944,https://dev.azure.com/azure-sdk/590cfd2a-581c-4dcb-a12e-6568ce786175/_build/results?buildId=4057944,https://dev.azure.com/azure-sdk/590cfd2a-581c-4dcb-a12e-6568ce786175/_build/results?buildId=4057899,https://github.com/Azure/azure-sdk-for-python/issues?q=is%3Aopen+is%3Aissue+label%3Acustomer-reported+label%3AClient+-label%3Aissue-addressed+-label%3Abug+-label%3Aneeds-author-feedback+-label%3Afeature-request+label%3A%22Cognitive+-+Translator%22+created%3A%22%3C2024-07-17%22,,https://github.com/Azure/azure-sdk-for-python/issues?q=is%3Aopen+is%3Aissue+label%3Acustomer-reported+label%3AClient+label%3A%22Cognitive+-+Translator%22,08-16-2024 10:24:35,False
azure-ai-vision-face,BLOCKED,FAIL,FAIL,ENABLED,FAIL,FAIL,PASS,PASS,0,0,0,https://dev.azure.com/azure-sdk/590cfd2a-581c-4dcb-a12e-6568ce786175/_build/results?buildId=4058216,https://dev.azure.com/azure-sdk/590cfd2a-581c-4dcb-a12e-6568ce786175/_build/results?buildId=4058216,https://dev.azure.com/azure-sdk/590cfd2a-581c-4dcb-a12e-6568ce786175/_build/results?buildId=4058216,https://dev.azure.com/azure-sdk/590cfd2a-581c-4dcb-a12e-6568ce786175/_build/results?buildId=4058216,https://dev.azure.com/azure-sdk/590cfd2a-581c-4dcb-a12e-6568ce786175/_build/results?buildId=4058216,https://dev.azure.com/azure-sdk/590cfd2a-581c-4dcb-a12e-6568ce786175/_build/results?buildId=4050804,,,,08-16-2024 10:24:35,False
azure-ai-vision-imageanalysis,NEEDS_ACTION,WARNING,WARNING,ENABLED,WARNING,PASS,PASS,PASS,0,0,0,,,,https://dev.azure.com/azure-sdk/590cfd2a-581c-4dcb-a12e-6568ce786175/_build/results?buildId=4057743,https://dev.azure.com/azure-sdk/590cfd2a-581c-4dcb-a12e-6568ce786175/_build/results?buildId=4057743,https://dev.azure.com/azure-sdk/590cfd2a-581c-4dcb-a12e-6568ce786175/_build/results?buildId=4050779,,,,08-16-2024 10:24:35,False
azure-appconfiguration,NEEDS_ACTION,WARNING,DISABLED,ENABLED,PASS,PASS,PASS,PASS,0,0,1,https://dev.azure.com/azure-sdk/590cfd2a-581c-4dcb-a12e-6568ce786175/_build/results?buildId=4041855,,https://dev.azure.com/azure-sdk/590cfd2a-581c-4dcb-a12e-6568ce786175/_build/results?buildId=4056419,https://dev.azure.com/azure-sdk/590cfd2a-581c-4dcb-a12e-6568ce786175/_build/results?buildId=4056419,https://dev.azure.com/azure-sdk/590cfd2a-581c-4dcb-a12e-6568ce786175/_build/results?buildId=4056419,https://dev.azure.com/azure-sdk/590cfd2a-581c-4dcb-a12e-6568ce786175/_build/results?buildId=4055336,,,https://github.com/Azure/azure-sdk-for-python/issues?q=is%3Aopen+is%3Aissue+label%3Acustomer-reported+label%3AClient+label%3A%22App+Configuration%22,08-16-2024 10:24:35,True
azure-appconfiguration-provider,NEEDS_ACTION,WARNING,DISABLED,ENABLED,PASS,PASS,PASS,PASS,1,0,1,https://dev.azure.com/azure-sdk/590cfd2a-581c-4dcb-a12e-6568ce786175/_build/results?buildId=4041855,,https://dev.azure.com/azure-sdk/590cfd2a-581c-4dcb-a12e-6568ce786175/_build/results?buildId=4056419,https://dev.azure.com/azure-sdk/590cfd2a-581c-4dcb-a12e-6568ce786175/_build/results?buildId=4056419,https://dev.azure.com/azure-sdk/590cfd2a-581c-4dcb-a12e-6568ce786175/_build/results?buildId=4056419,https://dev.azure.com/azure-sdk/590cfd2a-581c-4dcb-a12e-6568ce786175/_build/results?buildId=4055336,https://github.com/Azure/azure-sdk-for-python/issues?q=is%3Aopen+is%3Aissue+label%3Acustomer-reported+label%3AClient+-label%3Aissue-addressed+-label%3Abug+-label%3Aneeds-author-feedback+-label%3Afeature-request+label%3A%22App+Configuration+Provider%22+created%3A%22%3C2024-07-17%22,,https://github.com/Azure/azure-sdk-for-python/issues?q=is%3Aopen+is%3Aissue+label%3Acustomer-reported+label%3AClient+label%3A%22App+Configuration+Provider%22,08-16-2024 10:24:35,False
azure-batch,BLOCKED,DISABLED,DISABLED,DISABLED,DISABLED,PASS,FAIL,UNKNOWN,2,0,4,,,,https://dev.azure.com/azure-sdk/590cfd2a-581c-4dcb-a12e-6568ce786175/_build/results?buildId=4056484,https://dev.azure.com/azure-sdk/590cfd2a-581c-4dcb-a12e-6568ce786175/_build/results?buildId=4056484,,https://github.com/Azure/azure-sdk-for-python/issues?q=is%3Aopen+is%3Aissue+label%3Acustomer-reported+label%3AClient+-label%3Aissue-addressed+-label%3Abug+-label%3Aneeds-author-feedback+-label%3Afeature-request+label%3A%22Batch%22+created%3A%22%3C2024-07-17%22,,https://github.com/Azure/azure-sdk-for-python/issues?q=is%3Aopen+is%3Aissue+label%3Acustomer-reported+label%3AClient+label%3A%22Batch%22,08-16-2024 10:24:35,False
azure-communication-callautomation,NEEDS_ACTION,DISABLED,DISABLED,DISABLED,WARNING,PASS,PASS,FAIL,0,0,0,,,https://dev.azure.com/azure-sdk/590cfd2a-581c-4dcb-a12e-6568ce786175/_build/results?buildId=4041492,https://dev.azure.com/azure-sdk/590cfd2a-581c-4dcb-a12e-6568ce786175/_build/results?buildId=4058073,https://dev.azure.com/azure-sdk/590cfd2a-581c-4dcb-a12e-6568ce786175/_build/results?buildId=4058073,https://dev.azure.com/azure-sdk/590cfd2a-581c-4dcb-a12e-6568ce786175/_build/results?buildId=4055613,,,,08-16-2024 10:24:35,False
azure-communication-chat,NEEDS_ACTION,DISABLED,DISABLED,DISABLED,WARNING,PASS,PASS,FAIL,0,0,0,,,https://dev.azure.com/azure-sdk/590cfd2a-581c-4dcb-a12e-6568ce786175/_build/results?buildId=4041492,https://dev.azure.com/azure-sdk/590cfd2a-581c-4dcb-a12e-6568ce786175/_build/results?buildId=4058073,https://dev.azure.com/azure-sdk/590cfd2a-581c-4dcb-a12e-6568ce786175/_build/results?buildId=4058073,https://dev.azure.com/azure-sdk/590cfd2a-581c-4dcb-a12e-6568ce786175/_build/results?buildId=4055613,,,,08-16-2024 10:24:35,False
azure-communication-email,NEEDS_ACTION,WARNING,DISABLED,DISABLED,WARNING,PASS,PASS,FAIL,2,1,4,https://dev.azure.com/azure-sdk/590cfd2a-581c-4dcb-a12e-6568ce786175/_build/results?buildId=4041492,,https://dev.azure.com/azure-sdk/590cfd2a-581c-4dcb-a12e-6568ce786175/_build/results?buildId=4041492,https://dev.azure.com/azure-sdk/590cfd2a-581c-4dcb-a12e-6568ce786175/_build/results?buildId=4058073,https://dev.azure.com/azure-sdk/590cfd2a-581c-4dcb-a12e-6568ce786175/_build/results?buildId=4058073,https://dev.azure.com/azure-sdk/590cfd2a-581c-4dcb-a12e-6568ce786175/_build/results?buildId=4055613,https://github.com/Azure/azure-sdk-for-python/issues?q=is%3Aopen+is%3Aissue+label%3Acustomer-reported+label%3AClient+-label%3Aissue-addressed+-label%3Abug+-label%3Aneeds-author-feedback+-label%3Afeature-request+label%3A%22Communication+-+Email%22+created%3A%22%3C2024-07-17%22,https://github.com/Azure/azure-sdk-for-python/issues?q=is%3Aopen+is%3Aissue+label%3Acustomer-reported+label%3AClient+-label%3Aissue-addressed+-label%3Aquestion+-label%3Aneeds-author-feedback+-label%3Afeature-request+label%3A%22Communication+-+Email%22+created%3A%22%3C2024-05-18%22,https://github.com/Azure/azure-sdk-for-python/issues?q=is%3Aopen+is%3Aissue+label%3Acustomer-reported+label%3AClient+label%3A%22Communication+-+Email%22,08-16-2024 10:24:35,False
azure-communication-identity,NEEDS_ACTION,WARNING,DISABLED,DISABLED,WARNING,PASS,PASS,FAIL,0,0,0,https://dev.azure.com/azure-sdk/590cfd2a-581c-4dcb-a12e-6568ce786175/_build/results?buildId=4041492,,https://dev.azure.com/azure-sdk/590cfd2a-581c-4dcb-a12e-6568ce786175/_build/results?buildId=4041492,https://dev.azure.com/azure-sdk/590cfd2a-581c-4dcb-a12e-6568ce786175/_build/results?buildId=4058073,https://dev.azure.com/azure-sdk/590cfd2a-581c-4dcb-a12e-6568ce786175/_build/results?buildId=4058073,https://dev.azure.com/azure-sdk/590cfd2a-581c-4dcb-a12e-6568ce786175/_build/results?buildId=4055613,,,,08-16-2024 10:24:35,False
azure-communication-jobrouter,NEEDS_ACTION,WARNING,DISABLED,DISABLED,WARNING,PASS,PASS,FAIL,0,0,0,https://dev.azure.com/azure-sdk/590cfd2a-581c-4dcb-a12e-6568ce786175/_build/results?buildId=4041492,,https://dev.azure.com/azure-sdk/590cfd2a-581c-4dcb-a12e-6568ce786175/_build/results?buildId=4041492,https://dev.azure.com/azure-sdk/590cfd2a-581c-4dcb-a12e-6568ce786175/_build/results?buildId=4058073,https://dev.azure.com/azure-sdk/590cfd2a-581c-4dcb-a12e-6568ce786175/_build/results?buildId=4058073,https://dev.azure.com/azure-sdk/590cfd2a-581c-4dcb-a12e-6568ce786175/_build/results?buildId=4055613,,,,08-16-2024 10:24:35,False
azure-communication-messages,NEEDS_ACTION,WARNING,DISABLED,DISABLED,WARNING,PASS,PASS,FAIL,0,0,0,https://dev.azure.com/azure-sdk/590cfd2a-581c-4dcb-a12e-6568ce786175/_build/results?buildId=4041492,,https://dev.azure.com/azure-sdk/590cfd2a-581c-4dcb-a12e-6568ce786175/_build/results?buildId=4041492,https://dev.azure.com/azure-sdk/590cfd2a-581c-4dcb-a12e-6568ce786175/_build/results?buildId=4058073,https://dev.azure.com/azure-sdk/590cfd2a-581c-4dcb-a12e-6568ce786175/_build/results?buildId=4058073,https://dev.azure.com/azure-sdk/590cfd2a-581c-4dcb-a12e-6568ce786175/_build/results?buildId=4055613,,,,08-16-2024 10:24:35,False
azure-communication-phonenumbers,NEEDS_ACTION,DISABLED,DISABLED,DISABLED,WARNING,PASS,PASS,FAIL,0,0,0,,,https://dev.azure.com/azure-sdk/590cfd2a-581c-4dcb-a12e-6568ce786175/_build/results?buildId=4041492,https://dev.azure.com/azure-sdk/590cfd2a-581c-4dcb-a12e-6568ce786175/_build/results?buildId=4058073,https://dev.azure.com/azure-sdk/590cfd2a-581c-4dcb-a12e-6568ce786175/_build/results?buildId=4058073,https://dev.azure.com/azure-sdk/590cfd2a-581c-4dcb-a12e-6568ce786175/_build/results?buildId=4055613,,,,08-16-2024 10:24:35,False
azure-communication-rooms,NEEDS_ACTION,DISABLED,DISABLED,DISABLED,WARNING,PASS,PASS,FAIL,0,0,0,,,https://dev.azure.com/azure-sdk/590cfd2a-581c-4dcb-a12e-6568ce786175/_build/results?buildId=4041492,https://dev.azure.com/azure-sdk/590cfd2a-581c-4dcb-a12e-6568ce786175/_build/results?buildId=4058073,https://dev.azure.com/azure-sdk/590cfd2a-581c-4dcb-a12e-6568ce786175/_build/results?buildId=4058073,https://dev.azure.com/azure-sdk/590cfd2a-581c-4dcb-a12e-6568ce786175/_build/results?buildId=4055613,,,,08-16-2024 10:24:35,False
azure-communication-sms,NEEDS_ACTION,DISABLED,DISABLED,DISABLED,WARNING,PASS,PASS,FAIL,0,0,0,,,https://dev.azure.com/azure-sdk/590cfd2a-581c-4dcb-a12e-6568ce786175/_build/results?buildId=4041492,https://dev.azure.com/azure-sdk/590cfd2a-581c-4dcb-a12e-6568ce786175/_build/results?buildId=4058073,https://dev.azure.com/azure-sdk/590cfd2a-581c-4dcb-a12e-6568ce786175/_build/results?buildId=4058073,https://dev.azure.com/azure-sdk/590cfd2a-581c-4dcb-a12e-6568ce786175/_build/results?buildId=4055613,,,,08-16-2024 10:24:35,False
azure-confidentialledger,BLOCKED,PASS,DISABLED,DISABLED,FAIL,PASS,PASS,FAIL,0,0,0,https://dev.azure.com/azure-sdk/590cfd2a-581c-4dcb-a12e-6568ce786175/_build/results?buildId=4056387,,https://dev.azure.com/azure-sdk/590cfd2a-581c-4dcb-a12e-6568ce786175/_build/results?buildId=4056387,https://dev.azure.com/azure-sdk/590cfd2a-581c-4dcb-a12e-6568ce786175/_build/results?buildId=4056387,https://dev.azure.com/azure-sdk/590cfd2a-581c-4dcb-a12e-6568ce786175/_build/results?buildId=4056387,https://dev.azure.com/azure-sdk/590cfd2a-581c-4dcb-a12e-6568ce786175/_build/results?buildId=4055158,,,,08-16-2024 10:24:35,False
azure-containerregistry,BLOCKED,PASS,DISABLED,ENABLED,PASS,PASS,FAIL,FAIL,0,0,0,https://dev.azure.com/azure-sdk/590cfd2a-581c-4dcb-a12e-6568ce786175/_build/results?buildId=4056612,,https://dev.azure.com/azure-sdk/590cfd2a-581c-4dcb-a12e-6568ce786175/_build/results?buildId=4056612,https://dev.azure.com/azure-sdk/590cfd2a-581c-4dcb-a12e-6568ce786175/_build/results?buildId=4056612,https://dev.azure.com/azure-sdk/590cfd2a-581c-4dcb-a12e-6568ce786175/_build/results?buildId=4056612,https://dev.azure.com/azure-sdk/590cfd2a-581c-4dcb-a12e-6568ce786175/_build/results?buildId=4056381,,,,08-16-2024 10:24:35,True
azure-core,NEEDS_ACTION,PASS,DISABLED,ENABLED,WARNING,PASS,PASS,PASS,1,0,5,https://dev.azure.com/azure-sdk/590cfd2a-581c-4dcb-a12e-6568ce786175/_build/results?buildId=4056680,,https://dev.azure.com/azure-sdk/590cfd2a-581c-4dcb-a12e-6568ce786175/_build/results?buildId=4041630,https://dev.azure.com/azure-sdk/590cfd2a-581c-4dcb-a12e-6568ce786175/_build/results?buildId=4056680,https://dev.azure.com/azure-sdk/590cfd2a-581c-4dcb-a12e-6568ce786175/_build/results?buildId=4056680,https://dev.azure.com/azure-sdk/590cfd2a-581c-4dcb-a12e-6568ce786175/_build/results?buildId=4057690,https://github.com/Azure/azure-sdk-for-python/issues?q=is%3Aopen+is%3Aissue+label%3Acustomer-reported+label%3AClient+-label%3Aissue-addressed+-label%3Abug+-label%3Aneeds-author-feedback+-label%3Afeature-request+label%3A%22Azure.Core%22+created%3A%22%3C2024-07-17%22,,https://github.com/Azure/azure-sdk-for-python/issues?q=is%3Aopen+is%3Aissue+label%3Acustomer-reported+label%3AClient+label%3A%22Azure.Core%22,08-16-2024 10:24:35,True
azure-core-experimental,NEEDS_ACTION,PASS,DISABLED,DISABLED,WARNING,PASS,PASS,PASS,1,0,5,https://dev.azure.com/azure-sdk/590cfd2a-581c-4dcb-a12e-6568ce786175/_build/results?buildId=4056680,,https://dev.azure.com/azure-sdk/590cfd2a-581c-4dcb-a12e-6568ce786175/_build/results?buildId=4041630,https://dev.azure.com/azure-sdk/590cfd2a-581c-4dcb-a12e-6568ce786175/_build/results?buildId=4056680,https://dev.azure.com/azure-sdk/590cfd2a-581c-4dcb-a12e-6568ce786175/_build/results?buildId=4056680,https://dev.azure.com/azure-sdk/590cfd2a-581c-4dcb-a12e-6568ce786175/_build/results?buildId=4057690,https://github.com/Azure/azure-sdk-for-python/issues?q=is%3Aopen+is%3Aissue+label%3Acustomer-reported+label%3AClient+-label%3Aissue-addressed+-label%3Abug+-label%3Aneeds-author-feedback+-label%3Afeature-request+label%3A%22Azure.Core%22+created%3A%22%3C2024-07-17%22,,https://github.com/Azure/azure-sdk-for-python/issues?q=is%3Aopen+is%3Aissue+label%3Acustomer-reported+label%3AClient+label%3A%22Azure.Core%22,08-16-2024 10:24:35,True
azure-core-tracing-opencensus,NEEDS_ACTION,PASS,DISABLED,DISABLED,WARNING,PASS,PASS,PASS,1,0,5,https://dev.azure.com/azure-sdk/590cfd2a-581c-4dcb-a12e-6568ce786175/_build/results?buildId=4056680,,https://dev.azure.com/azure-sdk/590cfd2a-581c-4dcb-a12e-6568ce786175/_build/results?buildId=4041630,https://dev.azure.com/azure-sdk/590cfd2a-581c-4dcb-a12e-6568ce786175/_build/results?buildId=4056680,https://dev.azure.com/azure-sdk/590cfd2a-581c-4dcb-a12e-6568ce786175/_build/results?buildId=4056680,https://dev.azure.com/azure-sdk/590cfd2a-581c-4dcb-a12e-6568ce786175/_build/results?buildId=4057690,https://github.com/Azure/azure-sdk-for-python/issues?q=is%3Aopen+is%3Aissue+label%3Acustomer-reported+label%3AClient+-label%3Aissue-addressed+-label%3Abug+-label%3Aneeds-author-feedback+-label%3Afeature-request+label%3A%22Azure.Core%22+created%3A%22%3C2024-07-17%22,,https://github.com/Azure/azure-sdk-for-python/issues?q=is%3Aopen+is%3Aissue+label%3Acustomer-reported+label%3AClient+label%3A%22Azure.Core%22,08-16-2024 10:24:35,True
azure-core-tracing-opentelemetry,NEEDS_ACTION,PASS,DISABLED,DISABLED,WARNING,PASS,PASS,PASS,1,0,5,https://dev.azure.com/azure-sdk/590cfd2a-581c-4dcb-a12e-6568ce786175/_build/results?buildId=4056680,,https://dev.azure.com/azure-sdk/590cfd2a-581c-4dcb-a12e-6568ce786175/_build/results?buildId=4041630,https://dev.azure.com/azure-sdk/590cfd2a-581c-4dcb-a12e-6568ce786175/_build/results?buildId=4056680,https://dev.azure.com/azure-sdk/590cfd2a-581c-4dcb-a12e-6568ce786175/_build/results?buildId=4056680,https://dev.azure.com/azure-sdk/590cfd2a-581c-4dcb-a12e-6568ce786175/_build/results?buildId=4057690,https://github.com/Azure/azure-sdk-for-python/issues?q=is%3Aopen+is%3Aissue+label%3Acustomer-reported+label%3AClient+-label%3Aissue-addressed+-label%3Abug+-label%3Aneeds-author-feedback+-label%3Afeature-request+label%3A%22Azure.Core%22+created%3A%22%3C2024-07-17%22,,https://github.com/Azure/azure-sdk-for-python/issues?q=is%3Aopen+is%3Aissue+label%3Acustomer-reported+label%3AClient+label%3A%22Azure.Core%22,08-16-2024 10:24:35,True
azure-cosmos,NEEDS_ACTION,WARNING,DISABLED,DISABLED,WARNING,PASS,PASS,FAIL,4,1,7,https://dev.azure.com/azure-sdk/590cfd2a-581c-4dcb-a12e-6568ce786175/_build/results?buildId=4041751,,https://dev.azure.com/azure-sdk/590cfd2a-581c-4dcb-a12e-6568ce786175/_build/results?buildId=4041751,https://dev.azure.com/azure-sdk/590cfd2a-581c-4dcb-a12e-6568ce786175/_build/results?buildId=4056702,https://dev.azure.com/azure-sdk/590cfd2a-581c-4dcb-a12e-6568ce786175/_build/results?buildId=4056702,https://dev.azure.com/azure-sdk/590cfd2a-581c-4dcb-a12e-6568ce786175/_build/results?buildId=4057739,https://github.com/Azure/azure-sdk-for-python/issues?q=is%3Aopen+is%3Aissue+label%3Acustomer-reported+label%3AClient+-label%3Aissue-addressed+-label%3Abug+-label%3Aneeds-author-feedback+-label%3Afeature-request+label%3A%22Cosmos%22+created%3A%22%3C2024-07-17%22,https://github.com/Azure/azure-sdk-for-python/issues?q=is%3Aopen+is%3Aissue+label%3Acustomer-reported+label%3AClient+-label%3Aissue-addressed+-label%3Aquestion+-label%3Aneeds-author-feedback+-label%3Afeature-request+label%3A%22Cosmos%22+created%3A%22%3C2024-05-18%22,https://github.com/Azure/azure-sdk-for-python/issues?q=is%3Aopen+is%3Aissue+label%3Acustomer-reported+label%3AClient+label%3A%22Cosmos%22,08-16-2024 10:24:35,False
azure-data-tables,NEEDS_ACTION,PASS,DISABLED,ENABLED,WARNING,PASS,PASS,FAIL,1,0,5,https://dev.azure.com/azure-sdk/590cfd2a-581c-4dcb-a12e-6568ce786175/_build/results?buildId=4054902,,https://dev.azure.com/azure-sdk/590cfd2a-581c-4dcb-a12e-6568ce786175/_build/results?buildId=4041934,https://dev.azure.com/azure-sdk/590cfd2a-581c-4dcb-a12e-6568ce786175/_build/results?buildId=4054902,https://dev.azure.com/azure-sdk/590cfd2a-581c-4dcb-a12e-6568ce786175/_build/results?buildId=4054902,https://dev.azure.com/azure-sdk/590cfd2a-581c-4dcb-a12e-6568ce786175/_build/results?buildId=4054930,https://github.com/Azure/azure-sdk-for-python/issues?q=is%3Aopen+is%3Aissue+label%3Acustomer-reported+label%3AClient+-label%3Aissue-addressed+-label%3Abug+-label%3Aneeds-author-feedback+-label%3Afeature-request+label%3A%22Tables%22+created%3A%22%3C2024-07-17%22,,https://github.com/Azure/azure-sdk-for-python/issues?q=is%3Aopen+is%3Aissue+label%3Acustomer-reported+label%3AClient+label%3A%22Tables%22,08-16-2024 10:24:35,True
azure-defender-easm,BLOCKED,PASS,FAIL,ENABLED,FAIL,PASS,PASS,UNKNOWN,0,0,0,https://dev.azure.com/azure-sdk/590cfd2a-581c-4dcb-a12e-6568ce786175/_build/results?buildId=4056681,https://dev.azure.com/azure-sdk/590cfd2a-581c-4dcb-a12e-6568ce786175/_build/results?buildId=4056681,https://dev.azure.com/azure-sdk/590cfd2a-581c-4dcb-a12e-6568ce786175/_build/results?buildId=4056681,https://dev.azure.com/azure-sdk/590cfd2a-581c-4dcb-a12e-6568ce786175/_build/results?buildId=4056681,https://dev.azure.com/azure-sdk/590cfd2a-581c-4dcb-a12e-6568ce786175/_build/results?buildId=4056681,,,,,08-16-2024 10:24:35,False
azure-developer-devcenter,NEEDS_ACTION,WARNING,DISABLED,DISABLED,DISABLED,PASS,PASS,UNKNOWN,0,0,0,https://dev.azure.com/azure-sdk/590cfd2a-581c-4dcb-a12e-6568ce786175/_build/results?buildId=4041215,,,https://dev.azure.com/azure-sdk/590cfd2a-581c-4dcb-a12e-6568ce786175/_build/results?buildId=4056785,https://dev.azure.com/azure-sdk/590cfd2a-581c-4dcb-a12e-6568ce786175/_build/results?buildId=4056785,,,,,08-16-2024 10:24:35,False
azure-developer-loadtesting,BLOCKED,FAIL,DISABLED,DISABLED,DISABLED,PASS,FAIL,UNKNOWN,0,0,0,https://dev.azure.com/azure-sdk/590cfd2a-581c-4dcb-a12e-6568ce786175/_build/results?buildId=4056613,,,https://dev.azure.com/azure-sdk/590cfd2a-581c-4dcb-a12e-6568ce786175/_build/results?buildId=4056613,https://dev.azure.com/azure-sdk/590cfd2a-581c-4dcb-a12e-6568ce786175/_build/results?buildId=4056613,,,,,08-16-2024 10:24:35,False
azure-digitaltwins-core,BLOCKED,DISABLED,DISABLED,DISABLED,DISABLED,DISABLED,DISABLED,DISABLED,1,0,1,,,,,,,https://github.com/Azure/azure-sdk-for-python/issues?q=is%3Aopen+is%3Aissue+label%3Acustomer-reported+label%3AClient+-label%3Aissue-addressed+-label%3Abug+-label%3Aneeds-author-feedback+-label%3Afeature-request+label%3A%22Digital+Twins%22+created%3A%22%3C2024-07-17%22,,https://github.com/Azure/azure-sdk-for-python/issues?q=is%3Aopen+is%3Aissue+label%3Acustomer-reported+label%3AClient+label%3A%22Digital+Twins%22,08-16-2024 10:24:35,False
azure-eventgrid,NEEDS_ACTION,PASS,DISABLED,ENABLED,WARNING,PASS,PASS,PASS,0,0,0,https://dev.azure.com/azure-sdk/590cfd2a-581c-4dcb-a12e-6568ce786175/_build/results?buildId=4056840,,https://dev.azure.com/azure-sdk/590cfd2a-581c-4dcb-a12e-6568ce786175/_build/results?buildId=4041773,https://dev.azure.com/azure-sdk/590cfd2a-581c-4dcb-a12e-6568ce786175/_build/results?buildId=4056840,https://dev.azure.com/azure-sdk/590cfd2a-581c-4dcb-a12e-6568ce786175/_build/results?buildId=4056840,https://dev.azure.com/azure-sdk/590cfd2a-581c-4dcb-a12e-6568ce786175/_build/results?buildId=4055204,,,,08-16-2024 10:24:35,True
azure-eventhub,NEEDS_ACTION,WARNING,DISABLED,ENABLED,WARNING,PASS,PASS,PASS,1,0,1,https://dev.azure.com/azure-sdk/590cfd2a-581c-4dcb-a12e-6568ce786175/_build/results?buildId=4041991,,https://dev.azure.com/azure-sdk/590cfd2a-581c-4dcb-a12e-6568ce786175/_build/results?buildId=4041991,https://dev.azure.com/azure-sdk/590cfd2a-581c-4dcb-a12e-6568ce786175/_build/results?buildId=4057097,https://dev.azure.com/azure-sdk/590cfd2a-581c-4dcb-a12e-6568ce786175/_build/results?buildId=4057097,https://dev.azure.com/azure-sdk/590cfd2a-581c-4dcb-a12e-6568ce786175/_build/results?buildId=4057429,https://github.com/Azure/azure-sdk-for-python/issues?q=is%3Aopen+is%3Aissue+label%3Acustomer-reported+label%3AClient+-label%3Aissue-addressed+-label%3Abug+-label%3Aneeds-author-feedback+-label%3Afeature-request+label%3A%22Event+Hubs%22+created%3A%22%3C2024-07-17%22,,https://github.com/Azure/azure-sdk-for-python/issues?q=is%3Aopen+is%3Aissue+label%3Acustomer-reported+label%3AClient+label%3A%22Event+Hubs%22,08-16-2024 10:24:35,True
azure-eventhub-checkpointstoreblob,NEEDS_ACTION,DISABLED,DISABLED,DISABLED,WARNING,PASS,PASS,PASS,1,0,1,,,https://dev.azure.com/azure-sdk/590cfd2a-581c-4dcb-a12e-6568ce786175/_build/results?buildId=4041991,https://dev.azure.com/azure-sdk/590cfd2a-581c-4dcb-a12e-6568ce786175/_build/results?buildId=4057097,https://dev.azure.com/azure-sdk/590cfd2a-581c-4dcb-a12e-6568ce786175/_build/results?buildId=4057097,https://dev.azure.com/azure-sdk/590cfd2a-581c-4dcb-a12e-6568ce786175/_build/results?buildId=4057429,https://github.com/Azure/azure-sdk-for-python/issues?q=is%3Aopen+is%3Aissue+label%3Acustomer-reported+label%3AClient+-label%3Aissue-addressed+-label%3Abug+-label%3Aneeds-author-feedback+-label%3Afeature-request+label%3A%22Event+Hubs%22+created%3A%22%3C2024-07-17%22,,https://github.com/Azure/azure-sdk-for-python/issues?q=is%3Aopen+is%3Aissue+label%3Acustomer-reported+label%3AClient+label%3A%22Event+Hubs%22,08-16-2024 10:24:35,True
azure-eventhub-checkpointstoreblob-aio,NEEDS_ACTION,DISABLED,DISABLED,DISABLED,WARNING,PASS,PASS,PASS,1,0,1,,,https://dev.azure.com/azure-sdk/590cfd2a-581c-4dcb-a12e-6568ce786175/_build/results?buildId=4041991,https://dev.azure.com/azure-sdk/590cfd2a-581c-4dcb-a12e-6568ce786175/_build/results?buildId=4057097,https://dev.azure.com/azure-sdk/590cfd2a-581c-4dcb-a12e-6568ce786175/_build/results?buildId=4057097,https://dev.azure.com/azure-sdk/590cfd2a-581c-4dcb-a12e-6568ce786175/_build/results?buildId=4057429,https://github.com/Azure/azure-sdk-for-python/issues?q=is%3Aopen+is%3Aissue+label%3Acustomer-reported+label%3AClient+-label%3Aissue-addressed+-label%3Abug+-label%3Aneeds-author-feedback+-label%3Afeature-request+label%3A%22Event+Hubs%22+created%3A%22%3C2024-07-17%22,,https://github.com/Azure/azure-sdk-for-python/issues?q=is%3Aopen+is%3Aissue+label%3Acustomer-reported+label%3AClient+label%3A%22Event+Hubs%22,08-16-2024 10:24:35,True
azure-eventhub-checkpointstoretable,NEEDS_ACTION,DISABLED,DISABLED,DISABLED,DISABLED,PASS,PASS,PASS,1,0,1,,,,https://dev.azure.com/azure-sdk/590cfd2a-581c-4dcb-a12e-6568ce786175/_build/results?buildId=4057097,https://dev.azure.com/azure-sdk/590cfd2a-581c-4dcb-a12e-6568ce786175/_build/results?buildId=4057097,https://dev.azure.com/azure-sdk/590cfd2a-581c-4dcb-a12e-6568ce786175/_build/results?buildId=4057429,https://github.com/Azure/azure-sdk-for-python/issues?q=is%3Aopen+is%3Aissue+label%3Acustomer-reported+label%3AClient+-label%3Aissue-addressed+-label%3Abug+-label%3Aneeds-author-feedback+-label%3Afeature-request+label%3A%22Event+Hubs%22+created%3A%22%3C2024-07-17%22,,https://github.com/Azure/azure-sdk-for-python/issues?q=is%3Aopen+is%3Aissue+label%3Acustomer-reported+label%3AClient+label%3A%22Event+Hubs%22,08-16-2024 10:24:35,True
azure-healthinsights-cancerprofiling,BLOCKED,PASS,DISABLED,ENABLED,DISABLED,PASS,FAIL,FAIL,0,0,0,https://dev.azure.com/azure-sdk/590cfd2a-581c-4dcb-a12e-6568ce786175/_build/results?buildId=4055750,,,https://dev.azure.com/azure-sdk/590cfd2a-581c-4dcb-a12e-6568ce786175/_build/results?buildId=4055750,https://dev.azure.com/azure-sdk/590cfd2a-581c-4dcb-a12e-6568ce786175/_build/results?buildId=4055750,https://dev.azure.com/azure-sdk/590cfd2a-581c-4dcb-a12e-6568ce786175/_build/results?buildId=4055646,,,,08-16-2024 10:24:35,False
azure-healthinsights-clinicalmatching,BLOCKED,PASS,DISABLED,ENABLED,DISABLED,PASS,FAIL,FAIL,0,0,0,https://dev.azure.com/azure-sdk/590cfd2a-581c-4dcb-a12e-6568ce786175/_build/results?buildId=4055750,,,https://dev.azure.com/azure-sdk/590cfd2a-581c-4dcb-a12e-6568ce786175/_build/results?buildId=4055750,https://dev.azure.com/azure-sdk/590cfd2a-581c-4dcb-a12e-6568ce786175/_build/results?buildId=4055750,https://dev.azure.com/azure-sdk/590cfd2a-581c-4dcb-a12e-6568ce786175/_build/results?buildId=4055646,,,,08-16-2024 10:24:35,False
azure-healthinsights-radiologyinsights,BLOCKED,PASS,WARNING,ENABLED,WARNING,PASS,FAIL,FAIL,0,0,0,https://dev.azure.com/azure-sdk/590cfd2a-581c-4dcb-a12e-6568ce786175/_build/results?buildId=4055750,https://dev.azure.com/azure-sdk/590cfd2a-581c-4dcb-a12e-6568ce786175/_build/results?buildId=4041468,https://dev.azure.com/azure-sdk/590cfd2a-581c-4dcb-a12e-6568ce786175/_build/results?buildId=4041468,https://dev.azure.com/azure-sdk/590cfd2a-581c-4dcb-a12e-6568ce786175/_build/results?buildId=4055750,https://dev.azure.com/azure-sdk/590cfd2a-581c-4dcb-a12e-6568ce786175/_build/results?buildId=4055750,https://dev.azure.com/azure-sdk/590cfd2a-581c-4dcb-a12e-6568ce786175/_build/results?buildId=4055646,,,,08-16-2024 10:24:35,False
azure-identity,NEEDS_ACTION,PASS,DISABLED,ENABLED,WARNING,PASS,PASS,PASS,0,0,4,https://dev.azure.com/azure-sdk/590cfd2a-581c-4dcb-a12e-6568ce786175/_build/results?buildId=4057287,,https://dev.azure.com/azure-sdk/590cfd2a-581c-4dcb-a12e-6568ce786175/_build/results?buildId=4041981,https://dev.azure.com/azure-sdk/590cfd2a-581c-4dcb-a12e-6568ce786175/_build/results?buildId=4057287,https://dev.azure.com/azure-sdk/590cfd2a-581c-4dcb-a12e-6568ce786175/_build/results?buildId=4057287,https://dev.azure.com/azure-sdk/590cfd2a-581c-4dcb-a12e-6568ce786175/_build/results?buildId=4057960,,,https://github.com/Azure/azure-sdk-for-python/issues?q=is%3Aopen+is%3Aissue+label%3Acustomer-reported+label%3AClient+label%3A%22Azure.Identity%22,08-16-2024 10:24:35,True
azure-identity-broker,NEEDS_ACTION,PASS,DISABLED,DISABLED,WARNING,PASS,PASS,PASS,0,0,4,https://dev.azure.com/azure-sdk/590cfd2a-581c-4dcb-a12e-6568ce786175/_build/results?buildId=4057287,,https://dev.azure.com/azure-sdk/590cfd2a-581c-4dcb-a12e-6568ce786175/_build/results?buildId=4041981,https://dev.azure.com/azure-sdk/590cfd2a-581c-4dcb-a12e-6568ce786175/_build/results?buildId=4057287,https://dev.azure.com/azure-sdk/590cfd2a-581c-4dcb-a12e-6568ce786175/_build/results?buildId=4057287,https://dev.azure.com/azure-sdk/590cfd2a-581c-4dcb-a12e-6568ce786175/_build/results?buildId=4057960,,,https://github.com/Azure/azure-sdk-for-python/issues?q=is%3Aopen+is%3Aissue+label%3Acustomer-reported+label%3AClient+label%3A%22Azure.Identity%22,08-16-2024 10:24:35,True
azure-iot-deviceprovisioning,BLOCKED,FAIL,FAIL,ENABLED,DISABLED,FAIL,FAIL,UNKNOWN,0,0,0,https://dev.azure.com/azure-sdk/590cfd2a-581c-4dcb-a12e-6568ce786175/_build/results?buildId=4057317,https://dev.azure.com/azure-sdk/590cfd2a-581c-4dcb-a12e-6568ce786175/_build/results?buildId=4057317,,https://dev.azure.com/azure-sdk/590cfd2a-581c-4dcb-a12e-6568ce786175/_build/results?buildId=4057317,https://dev.azure.com/azure-sdk/590cfd2a-581c-4dcb-a12e-6568ce786175/_build/results?buildId=4057317,,,,,08-16-2024 10:24:35,False
azure-iot-deviceupdate,BLOCKED,DISABLED,DISABLED,DISABLED,DISABLED,DISABLED,DISABLED,DISABLED,0,0,0,,,,,,,,,,08-16-2024 10:24:35,False
azure-iot-modelsrepository,BLOCKED,DISABLED,DISABLED,DISABLED,DISABLED,DISABLED,DISABLED,DISABLED,0,0,0,,,,,,,,,,08-16-2024 10:24:35,False
azure-keyvault-administration,NEEDS_ACTION,WARNING,DISABLED,DISABLED,WARNING,PASS,PASS,PASS,0,0,1,https://dev.azure.com/azure-sdk/590cfd2a-581c-4dcb-a12e-6568ce786175/_build/results?buildId=4041989,,https://dev.azure.com/azure-sdk/590cfd2a-581c-4dcb-a12e-6568ce786175/_build/results?buildId=4041989,https://dev.azure.com/azure-sdk/590cfd2a-581c-4dcb-a12e-6568ce786175/_build/results?buildId=4057395,https://dev.azure.com/azure-sdk/590cfd2a-581c-4dcb-a12e-6568ce786175/_build/results?buildId=4057395,https://dev.azure.com/azure-sdk/590cfd2a-581c-4dcb-a12e-6568ce786175/_build/results?buildId=4058018,,,https://github.com/Azure/azure-sdk-for-python/issues?q=is%3Aopen+is%3Aissue+label%3Acustomer-reported+label%3AClient+label%3A%22KeyVault%22,08-16-2024 10:24:35,True
azure-keyvault-certificates,NEEDS_ACTION,WARNING,DISABLED,DISABLED,WARNING,PASS,PASS,PASS,0,0,1,https://dev.azure.com/azure-sdk/590cfd2a-581c-4dcb-a12e-6568ce786175/_build/results?buildId=4041989,,https://dev.azure.com/azure-sdk/590cfd2a-581c-4dcb-a12e-6568ce786175/_build/results?buildId=4041989,https://dev.azure.com/azure-sdk/590cfd2a-581c-4dcb-a12e-6568ce786175/_build/results?buildId=4057395,https://dev.azure.com/azure-sdk/590cfd2a-581c-4dcb-a12e-6568ce786175/_build/results?buildId=4057395,https://dev.azure.com/azure-sdk/590cfd2a-581c-4dcb-a12e-6568ce786175/_build/results?buildId=4058018,,,https://github.com/Azure/azure-sdk-for-python/issues?q=is%3Aopen+is%3Aissue+label%3Acustomer-reported+label%3AClient+label%3A%22KeyVault%22,08-16-2024 10:24:35,True
azure-keyvault-keys,NEEDS_ACTION,WARNING,DISABLED,DISABLED,WARNING,PASS,PASS,PASS,0,0,1,https://dev.azure.com/azure-sdk/590cfd2a-581c-4dcb-a12e-6568ce786175/_build/results?buildId=4041989,,https://dev.azure.com/azure-sdk/590cfd2a-581c-4dcb-a12e-6568ce786175/_build/results?buildId=4041989,https://dev.azure.com/azure-sdk/590cfd2a-581c-4dcb-a12e-6568ce786175/_build/results?buildId=4057395,https://dev.azure.com/azure-sdk/590cfd2a-581c-4dcb-a12e-6568ce786175/_build/results?buildId=4057395,https://dev.azure.com/azure-sdk/590cfd2a-581c-4dcb-a12e-6568ce786175/_build/results?buildId=4058018,,,https://github.com/Azure/azure-sdk-for-python/issues?q=is%3Aopen+is%3Aissue+label%3Acustomer-reported+label%3AClient+label%3A%22KeyVault%22,08-16-2024 10:24:35,True
azure-keyvault-secrets,NEEDS_ACTION,WARNING,WARNING,DISABLED,WARNING,PASS,PASS,PASS,0,0,1,https://dev.azure.com/azure-sdk/590cfd2a-581c-4dcb-a12e-6568ce786175/_build/results?buildId=4041989,https://dev.azure.com/azure-sdk/590cfd2a-581c-4dcb-a12e-6568ce786175/_build/results?buildId=4041989,https://dev.azure.com/azure-sdk/590cfd2a-581c-4dcb-a12e-6568ce786175/_build/results?buildId=4041989,https://dev.azure.com/azure-sdk/590cfd2a-581c-4dcb-a12e-6568ce786175/_build/results?buildId=4057395,https://dev.azure.com/azure-sdk/590cfd2a-581c-4dcb-a12e-6568ce786175/_build/results?buildId=4057395,https://dev.azure.com/azure-sdk/590cfd2a-581c-4dcb-a12e-6568ce786175/_build/results?buildId=4058018,,,https://github.com/Azure/azure-sdk-for-python/issues?q=is%3Aopen+is%3Aissue+label%3Acustomer-reported+label%3AClient+label%3A%22KeyVault%22,08-16-2024 10:24:35,True
azure-maps-geolocation,NEEDS_ACTION,WARNING,DISABLED,ENABLED,WARNING,PASS,PASS,UNKNOWN,0,0,0,https://dev.azure.com/azure-sdk/590cfd2a-581c-4dcb-a12e-6568ce786175/_build/results?buildId=4042033,,https://dev.azure.com/azure-sdk/590cfd2a-581c-4dcb-a12e-6568ce786175/_build/results?buildId=4042033,https://dev.azure.com/azure-sdk/590cfd2a-581c-4dcb-a12e-6568ce786175/_build/results?buildId=4057223,https://dev.azure.com/azure-sdk/590cfd2a-581c-4dcb-a12e-6568ce786175/_build/results?buildId=4057223,https://dev.azure.com/azure-sdk/590cfd2a-581c-4dcb-a12e-6568ce786175/_build/results?buildId=4056053,,,,08-16-2024 10:24:35,False
azure-maps-render,NEEDS_ACTION,WARNING,DISABLED,ENABLED,WARNING,PASS,PASS,UNKNOWN,0,0,0,https://dev.azure.com/azure-sdk/590cfd2a-581c-4dcb-a12e-6568ce786175/_build/results?buildId=4042033,,https://dev.azure.com/azure-sdk/590cfd2a-581c-4dcb-a12e-6568ce786175/_build/results?buildId=4042033,https://dev.azure.com/azure-sdk/590cfd2a-581c-4dcb-a12e-6568ce786175/_build/results?buildId=4057223,https://dev.azure.com/azure-sdk/590cfd2a-581c-4dcb-a12e-6568ce786175/_build/results?buildId=4057223,https://dev.azure.com/azure-sdk/590cfd2a-581c-4dcb-a12e-6568ce786175/_build/results?buildId=4056053,,,,08-16-2024 10:24:35,False
azure-maps-route,NEEDS_ACTION,WARNING,DISABLED,DISABLED,WARNING,PASS,PASS,UNKNOWN,0,0,0,https://dev.azure.com/azure-sdk/590cfd2a-581c-4dcb-a12e-6568ce786175/_build/results?buildId=4042033,,https://dev.azure.com/azure-sdk/590cfd2a-581c-4dcb-a12e-6568ce786175/_build/results?buildId=4042033,https://dev.azure.com/azure-sdk/590cfd2a-581c-4dcb-a12e-6568ce786175/_build/results?buildId=4057223,https://dev.azure.com/azure-sdk/590cfd2a-581c-4dcb-a12e-6568ce786175/_build/results?buildId=4057223,https://dev.azure.com/azure-sdk/590cfd2a-581c-4dcb-a12e-6568ce786175/_build/results?buildId=4056053,,,,08-16-2024 10:24:35,False
azure-maps-search,NEEDS_ACTION,WARNING,DISABLED,DISABLED,WARNING,PASS,PASS,UNKNOWN,0,0,0,https://dev.azure.com/azure-sdk/590cfd2a-581c-4dcb-a12e-6568ce786175/_build/results?buildId=4042033,,https://dev.azure.com/azure-sdk/590cfd2a-581c-4dcb-a12e-6568ce786175/_build/results?buildId=4042033,https://dev.azure.com/azure-sdk/590cfd2a-581c-4dcb-a12e-6568ce786175/_build/results?buildId=4057223,https://dev.azure.com/azure-sdk/590cfd2a-581c-4dcb-a12e-6568ce786175/_build/results?buildId=4057223,https://dev.azure.com/azure-sdk/590cfd2a-581c-4dcb-a12e-6568ce786175/_build/results?buildId=4056053,,,,08-16-2024 10:24:35,False
azure-messaging-webpubsubclient,NEEDS_ACTION,WARNING,DISABLED,DISABLED,DISABLED,PASS,PASS,FAIL,0,0,0,https://dev.azure.com/azure-sdk/590cfd2a-581c-4dcb-a12e-6568ce786175/_build/results?buildId=4042004,,,https://dev.azure.com/azure-sdk/590cfd2a-581c-4dcb-a12e-6568ce786175/_build/results?buildId=4058043,https://dev.azure.com/azure-sdk/590cfd2a-581c-4dcb-a12e-6568ce786175/_build/results?buildId=4058043,https://dev.azure.com/azure-sdk/590cfd2a-581c-4dcb-a12e-6568ce786175/_build/results?buildId=4058141,,,,08-16-2024 10:24:35,False
azure-messaging-webpubsubservice,NEEDS_ACTION,DISABLED,DISABLED,ENABLED,DISABLED,PASS,PASS,FAIL,0,0,0,,,,https://dev.azure.com/azure-sdk/590cfd2a-581c-4dcb-a12e-6568ce786175/_build/results?buildId=4058043,https://dev.azure.com/azure-sdk/590cfd2a-581c-4dcb-a12e-6568ce786175/_build/results?buildId=4058043,https://dev.azure.com/azure-sdk/590cfd2a-581c-4dcb-a12e-6568ce786175/_build/results?buildId=4058141,,,,08-16-2024 10:24:35,False
azure-mgmt-core,NEEDS_ACTION,PASS,DISABLED,DISABLED,WARNING,PASS,PASS,PASS,1,0,5,https://dev.azure.com/azure-sdk/590cfd2a-581c-4dcb-a12e-6568ce786175/_build/results?buildId=4056680,,https://dev.azure.com/azure-sdk/590cfd2a-581c-4dcb-a12e-6568ce786175/_build/results?buildId=4041630,https://dev.azure.com/azure-sdk/590cfd2a-581c-4dcb-a12e-6568ce786175/_build/results?buildId=4056680,https://dev.azure.com/azure-sdk/590cfd2a-581c-4dcb-a12e-6568ce786175/_build/results?buildId=4056680,https://dev.azure.com/azure-sdk/590cfd2a-581c-4dcb-a12e-6568ce786175/_build/results?buildId=4057690,https://github.com/Azure/azure-sdk-for-python/issues?q=is%3Aopen+is%3Aissue+label%3Acustomer-reported+label%3AClient+-label%3Aissue-addressed+-label%3Abug+-label%3Aneeds-author-feedback+-label%3Afeature-request+label%3A%22Azure.Core%22+created%3A%22%3C2024-07-17%22,,https://github.com/Azure/azure-sdk-for-python/issues?q=is%3Aopen+is%3Aissue+label%3Acustomer-reported+label%3AClient+label%3A%22Azure.Core%22,08-16-2024 10:24:35,True
azure-mixedreality-authentication,BLOCKED,DISABLED,DISABLED,DISABLED,DISABLED,DISABLED,DISABLED,DISABLED,0,0,0,,,,,,,,,,08-16-2024 10:24:35,False
azure-mixedreality-remoterendering,NEEDS_ACTION,PASS,DISABLED,DISABLED,WARNING,PASS,PASS,PASS,0,0,0,https://dev.azure.com/azure-sdk/590cfd2a-581c-4dcb-a12e-6568ce786175/_build/results?buildId=4058305,,https://dev.azure.com/azure-sdk/590cfd2a-581c-4dcb-a12e-6568ce786175/_build/results?buildId=4041892,https://dev.azure.com/azure-sdk/590cfd2a-581c-4dcb-a12e-6568ce786175/_build/results?buildId=4058305,https://dev.azure.com/azure-sdk/590cfd2a-581c-4dcb-a12e-6568ce786175/_build/results?buildId=4058305,https://dev.azure.com/azure-sdk/590cfd2a-581c-4dcb-a12e-6568ce786175/_build/results?buildId=4058325,,,,08-16-2024 10:24:35,False
azure-monitor-ingestion,BLOCKED,WARNING,WARNING,ENABLED,WARNING,PASS,FAIL,FAIL,2,0,2,https://dev.azure.com/azure-sdk/590cfd2a-581c-4dcb-a12e-6568ce786175/_build/results?buildId=4041871,https://dev.azure.com/azure-sdk/590cfd2a-581c-4dcb-a12e-6568ce786175/_build/results?buildId=4041871,https://dev.azure.com/azure-sdk/590cfd2a-581c-4dcb-a12e-6568ce786175/_build/results?buildId=4041871,https://dev.azure.com/azure-sdk/590cfd2a-581c-4dcb-a12e-6568ce786175/_build/results?buildId=4057603,https://dev.azure.com/azure-sdk/590cfd2a-581c-4dcb-a12e-6568ce786175/_build/results?buildId=4057603,https://dev.azure.com/azure-sdk/590cfd2a-581c-4dcb-a12e-6568ce786175/_build/results?buildId=4056577,https://github.com/Azure/azure-sdk-for-python/issues?q=is%3Aopen+is%3Aissue+label%3Acustomer-reported+label%3AClient+-label%3Aissue-addressed+-label%3Abug+-label%3Aneeds-author-feedback+-label%3Afeature-request+label%3A%22Monitor%22+created%3A%22%3C2024-07-17%22,,https://github.com/Azure/azure-sdk-for-python/issues?q=is%3Aopen+is%3Aissue+label%3Acustomer-reported+label%3AClient+label%3A%22Monitor%22,08-16-2024 10:24:35,True
azure-monitor-opentelemetry,BLOCKED,WARNING,DISABLED,DISABLED,WARNING,PASS,FAIL,FAIL,0,0,1,https://dev.azure.com/azure-sdk/590cfd2a-581c-4dcb-a12e-6568ce786175/_build/results?buildId=4041871,,https://dev.azure.com/azure-sdk/590cfd2a-581c-4dcb-a12e-6568ce786175/_build/results?buildId=4041871,https://dev.azure.com/azure-sdk/590cfd2a-581c-4dcb-a12e-6568ce786175/_build/results?buildId=4057603,https://dev.azure.com/azure-sdk/590cfd2a-581c-4dcb-a12e-6568ce786175/_build/results?buildId=4057603,https://dev.azure.com/azure-sdk/590cfd2a-581c-4dcb-a12e-6568ce786175/_build/results?buildId=4056577,,,https://github.com/Azure/azure-sdk-for-python/issues?q=is%3Aopen+is%3Aissue+label%3Acustomer-reported+label%3AClient+label%3A%22Monitor+-+Distro%22,08-16-2024 10:24:35,False
azure-monitor-opentelemetry-exporter,BLOCKED,WARNING,DISABLED,DISABLED,WARNING,PASS,FAIL,FAIL,1,0,5,https://dev.azure.com/azure-sdk/590cfd2a-581c-4dcb-a12e-6568ce786175/_build/results?buildId=4041871,,https://dev.azure.com/azure-sdk/590cfd2a-581c-4dcb-a12e-6568ce786175/_build/results?buildId=4041871,https://dev.azure.com/azure-sdk/590cfd2a-581c-4dcb-a12e-6568ce786175/_build/results?buildId=4057603,https://dev.azure.com/azure-sdk/590cfd2a-581c-4dcb-a12e-6568ce786175/_build/results?buildId=4057603,https://dev.azure.com/azure-sdk/590cfd2a-581c-4dcb-a12e-6568ce786175/_build/results?buildId=4056577,https://github.com/Azure/azure-sdk-for-python/issues?q=is%3Aopen+is%3Aissue+label%3Acustomer-reported+label%3AClient+-label%3Aissue-addressed+-label%3Abug+-label%3Aneeds-author-feedback+-label%3Afeature-request+label%3A%22Monitor+-+Exporter%22+created%3A%22%3C2024-07-17%22,,https://github.com/Azure/azure-sdk-for-python/issues?q=is%3Aopen+is%3Aissue+label%3Acustomer-reported+label%3AClient+label%3A%22Monitor+-+Exporter%22,08-16-2024 10:24:35,False
azure-monitor-query,BLOCKED,WARNING,WARNING,DISABLED,WARNING,PASS,FAIL,FAIL,2,0,2,https://dev.azure.com/azure-sdk/590cfd2a-581c-4dcb-a12e-6568ce786175/_build/results?buildId=4041871,https://dev.azure.com/azure-sdk/590cfd2a-581c-4dcb-a12e-6568ce786175/_build/results?buildId=4041871,https://dev.azure.com/azure-sdk/590cfd2a-581c-4dcb-a12e-6568ce786175/_build/results?buildId=4041871,https://dev.azure.com/azure-sdk/590cfd2a-581c-4dcb-a12e-6568ce786175/_build/results?buildId=4057603,https://dev.azure.com/azure-sdk/590cfd2a-581c-4dcb-a12e-6568ce786175/_build/results?buildId=4057603,https://dev.azure.com/azure-sdk/590cfd2a-581c-4dcb-a12e-6568ce786175/_build/results?buildId=4056577,https://github.com/Azure/azure-sdk-for-python/issues?q=is%3Aopen+is%3Aissue+label%3Acustomer-reported+label%3AClient+-label%3Aissue-addressed+-label%3Abug+-label%3Aneeds-author-feedback+-label%3Afeature-request+label%3A%22Monitor%22+created%3A%22%3C2024-07-17%22,,https://github.com/Azure/azure-sdk-for-python/issues?q=is%3Aopen+is%3Aissue+label%3Acustomer-reported+label%3AClient+label%3A%22Monitor%22,08-16-2024 10:24:35,True
azure-purview-administration,BLOCKED,DISABLED,DISABLED,DISABLED,DISABLED,DISABLED,DISABLED,DISABLED,1,0,1,,,,,,,https://github.com/Azure/azure-sdk-for-python/issues?q=is%3Aopen+is%3Aissue+label%3Acustomer-reported+label%3AClient+-label%3Aissue-addressed+-label%3Abug+-label%3Aneeds-author-feedback+-label%3Afeature-request+label%3A%22Purview%22+created%3A%22%3C2024-07-17%22,,https://github.com/Azure/azure-sdk-for-python/issues?q=is%3Aopen+is%3Aissue+label%3Acustomer-reported+label%3AClient+label%3A%22Purview%22,08-16-2024 10:24:35,False
azure-purview-datamap,BLOCKED,WARNING,FAIL,ENABLED,DISABLED,PASS,FAIL,UNKNOWN,1,0,1,https://dev.azure.com/azure-sdk/590cfd2a-581c-4dcb-a12e-6568ce786175/_build/results?buildId=4041732,https://dev.azure.com/azure-sdk/590cfd2a-581c-4dcb-a12e-6568ce786175/_build/results?buildId=4055577,,https://dev.azure.com/azure-sdk/590cfd2a-581c-4dcb-a12e-6568ce786175/_build/results?buildId=4055577,https://dev.azure.com/azure-sdk/590cfd2a-581c-4dcb-a12e-6568ce786175/_build/results?buildId=4055577,,https://github.com/Azure/azure-sdk-for-python/issues?q=is%3Aopen+is%3Aissue+label%3Acustomer-reported+label%3AClient+-label%3Aissue-addressed+-label%3Abug+-label%3Aneeds-author-feedback+-label%3Afeature-request+label%3A%22Purview%22+created%3A%22%3C2024-07-17%22,,https://github.com/Azure/azure-sdk-for-python/issues?q=is%3Aopen+is%3Aissue+label%3Acustomer-reported+label%3AClient+label%3A%22Purview%22,08-16-2024 10:24:35,False
azure-purview-scanning,BLOCKED,DISABLED,DISABLED,DISABLED,DISABLED,DISABLED,DISABLED,DISABLED,1,0,1,,,,,,,https://github.com/Azure/azure-sdk-for-python/issues?q=is%3Aopen+is%3Aissue+label%3Acustomer-reported+label%3AClient+-label%3Aissue-addressed+-label%3Abug+-label%3Aneeds-author-feedback+-label%3Afeature-request+label%3A%22Purview%22+created%3A%22%3C2024-07-17%22,,https://github.com/Azure/azure-sdk-for-python/issues?q=is%3Aopen+is%3Aissue+label%3Acustomer-reported+label%3AClient+label%3A%22Purview%22,08-16-2024 10:24:35,False
azure-purview-sharing,BLOCKED,WARNING,DISABLED,ENABLED,DISABLED,PASS,FAIL,UNKNOWN,1,0,1,https://dev.azure.com/azure-sdk/590cfd2a-581c-4dcb-a12e-6568ce786175/_build/results?buildId=4041732,,,https://dev.azure.com/azure-sdk/590cfd2a-581c-4dcb-a12e-6568ce786175/_build/results?buildId=4055577,https://dev.azure.com/azure-sdk/590cfd2a-581c-4dcb-a12e-6568ce786175/_build/results?buildId=4055577,,https://github.com/Azure/azure-sdk-for-python/issues?q=is%3Aopen+is%3Aissue+label%3Acustomer-reported+label%3AClient+-label%3Aissue-addressed+-label%3Abug+-label%3Aneeds-author-feedback+-label%3Afeature-request+label%3A%22Purview%22+created%3A%22%3C2024-07-17%22,,https://github.com/Azure/azure-sdk-for-python/issues?q=is%3Aopen+is%3Aissue+label%3Acustomer-reported+label%3AClient+label%3A%22Purview%22,08-16-2024 10:24:35,False
azure-purview-workflow,BLOCKED,WARNING,FAIL,ENABLED,FAIL,PASS,FAIL,UNKNOWN,1,0,1,https://dev.azure.com/azure-sdk/590cfd2a-581c-4dcb-a12e-6568ce786175/_build/results?buildId=4041732,https://dev.azure.com/azure-sdk/590cfd2a-581c-4dcb-a12e-6568ce786175/_build/results?buildId=4055577,https://dev.azure.com/azure-sdk/590cfd2a-581c-4dcb-a12e-6568ce786175/_build/results?buildId=4055577,https://dev.azure.com/azure-sdk/590cfd2a-581c-4dcb-a12e-6568ce786175/_build/results?buildId=4055577,https://dev.azure.com/azure-sdk/590cfd2a-581c-4dcb-a12e-6568ce786175/_build/results?buildId=4055577,,https://github.com/Azure/azure-sdk-for-python/issues?q=is%3Aopen+is%3Aissue+label%3Acustomer-reported+label%3AClient+-label%3Aissue-addressed+-label%3Abug+-label%3Aneeds-author-feedback+-label%3Afeature-request+label%3A%22Purview%22+created%3A%22%3C2024-07-17%22,,https://github.com/Azure/azure-sdk-for-python/issues?q=is%3Aopen+is%3Aissue+label%3Acustomer-reported+label%3AClient+label%3A%22Purview%22,08-16-2024 10:24:35,False
azure-schemaregistry,NEEDS_ACTION,PASS,DISABLED,ENABLED,WARNING,PASS,PASS,PASS,0,0,0,https://dev.azure.com/azure-sdk/590cfd2a-581c-4dcb-a12e-6568ce786175/_build/results?buildId=4057525,,https://dev.azure.com/azure-sdk/590cfd2a-581c-4dcb-a12e-6568ce786175/_build/results?buildId=4041910,https://dev.azure.com/azure-sdk/590cfd2a-581c-4dcb-a12e-6568ce786175/_build/results?buildId=4057525,https://dev.azure.com/azure-sdk/590cfd2a-581c-4dcb-a12e-6568ce786175/_build/results?buildId=4057525,https://dev.azure.com/azure-sdk/590cfd2a-581c-4dcb-a12e-6568ce786175/_build/results?buildId=4055823,,,,08-16-2024 10:24:35,True
azure-schemaregistry-avroencoder,NEEDS_ACTION,PASS,DISABLED,ENABLED,WARNING,PASS,PASS,PASS,0,0,0,https://dev.azure.com/azure-sdk/590cfd2a-581c-4dcb-a12e-6568ce786175/_build/results?buildId=4057525,,https://dev.azure.com/azure-sdk/590cfd2a-581c-4dcb-a12e-6568ce786175/_build/results?buildId=4041910,https://dev.azure.com/azure-sdk/590cfd2a-581c-4dcb-a12e-6568ce786175/_build/results?buildId=4057525,https://dev.azure.com/azure-sdk/590cfd2a-581c-4dcb-a12e-6568ce786175/_build/results?buildId=4057525,https://dev.azure.com/azure-sdk/590cfd2a-581c-4dcb-a12e-6568ce786175/_build/results?buildId=4055823,,,,08-16-2024 10:24:35,True
azure-search-documents,NEEDS_ACTION,PASS,DISABLED,ENABLED,WARNING,PASS,PASS,PASS,0,0,2,https://dev.azure.com/azure-sdk/590cfd2a-581c-4dcb-a12e-6568ce786175/_build/results?buildId=4057855,,https://dev.azure.com/azure-sdk/590cfd2a-581c-4dcb-a12e-6568ce786175/_build/results?buildId=4041978,https://dev.azure.com/azure-sdk/590cfd2a-581c-4dcb-a12e-6568ce786175/_build/results?buildId=4057855,https://dev.azure.com/azure-sdk/590cfd2a-581c-4dcb-a12e-6568ce786175/_build/results?buildId=4057855,https://dev.azure.com/azure-sdk/590cfd2a-581c-4dcb-a12e-6568ce786175/_build/results?buildId=4057909,,,https://github.com/Azure/azure-sdk-for-python/issues?q=is%3Aopen+is%3Aissue+label%3Acustomer-reported+label%3AClient+label%3A%22Search%22,08-16-2024 10:24:35,True
azure-security-attestation,BLOCKED,DISABLED,DISABLED,DISABLED,DISABLED,DISABLED,DISABLED,DISABLED,0,0,0,,,,,,,,,,08-16-2024 10:24:35,False
azure-servicebus,NEEDS_ACTION,WARNING,DISABLED,ENABLED,WARNING,PASS,PASS,PASS,6,0,8,,,,https://dev.azure.com/azure-sdk/590cfd2a-581c-4dcb-a12e-6568ce786175/_build/results?buildId=4057895,https://dev.azure.com/azure-sdk/590cfd2a-581c-4dcb-a12e-6568ce786175/_build/results?buildId=4057895,https://dev.azure.com/azure-sdk/590cfd2a-581c-4dcb-a12e-6568ce786175/_build/results?buildId=4057237,https://github.com/Azure/azure-sdk-for-python/issues?q=is%3Aopen+is%3Aissue+label%3Acustomer-reported+label%3AClient+-label%3Aissue-addressed+-label%3Abug+-label%3Aneeds-author-feedback+-label%3Afeature-request+label%3A%22Service+Bus%22+created%3A%22%3C2024-07-17%22,,https://github.com/Azure/azure-sdk-for-python/issues?q=is%3Aopen+is%3Aissue+label%3Acustomer-reported+label%3AClient+label%3A%22Service+Bus%22,08-16-2024 10:24:35,True
azure-storage-blob,NEEDS_ACTION,DISABLED,DISABLED,DISABLED,WARNING,PASS,PASS,PASS,4,2,13,,,https://dev.azure.com/azure-sdk/590cfd2a-581c-4dcb-a12e-6568ce786175/_build/results?buildId=4042310,https://dev.azure.com/azure-sdk/590cfd2a-581c-4dcb-a12e-6568ce786175/_build/results?buildId=4055875,https://dev.azure.com/azure-sdk/590cfd2a-581c-4dcb-a12e-6568ce786175/_build/results?buildId=4055875,https://dev.azure.com/azure-sdk/590cfd2a-581c-4dcb-a12e-6568ce786175/_build/results?buildId=4054583,https://github.com/Azure/azure-sdk-for-python/issues?q=is%3Aopen+is%3Aissue+label%3Acustomer-reported+label%3AClient+-label%3Aissue-addressed+-label%3Abug+-label%3Aneeds-author-feedback+-label%3Afeature-request+label%3A%22Storage%22+created%3A%22%3C2024-07-17%22,https://github.com/Azure/azure-sdk-for-python/issues?q=is%3Aopen+is%3Aissue+label%3Acustomer-reported+label%3AClient+-label%3Aissue-addressed+-label%3Aquestion+-label%3Aneeds-author-feedback+-label%3Afeature-request+label%3A%22Storage%22+created%3A%22%3C2024-05-18%22,https://github.com/Azure/azure-sdk-for-python/issues?q=is%3Aopen+is%3Aissue+label%3Acustomer-reported+label%3AClient+label%3A%22Storage%22,08-16-2024 10:24:35,False
azure-storage-blob-changefeed,NEEDS_ACTION,DISABLED,DISABLED,DISABLED,WARNING,PASS,PASS,PASS,4,2,13,,,https://dev.azure.com/azure-sdk/590cfd2a-581c-4dcb-a12e-6568ce786175/_build/results?buildId=4042310,https://dev.azure.com/azure-sdk/590cfd2a-581c-4dcb-a12e-6568ce786175/_build/results?buildId=4055875,https://dev.azure.com/azure-sdk/590cfd2a-581c-4dcb-a12e-6568ce786175/_build/results?buildId=4055875,https://dev.azure.com/azure-sdk/590cfd2a-581c-4dcb-a12e-6568ce786175/_build/results?buildId=4054583,https://github.com/Azure/azure-sdk-for-python/issues?q=is%3Aopen+is%3Aissue+label%3Acustomer-reported+label%3AClient+-label%3Aissue-addressed+-label%3Abug+-label%3Aneeds-author-feedback+-label%3Afeature-request+label%3A%22Storage%22+created%3A%22%3C2024-07-17%22,https://github.com/Azure/azure-sdk-for-python/issues?q=is%3Aopen+is%3Aissue+label%3Acustomer-reported+label%3AClient+-label%3Aissue-addressed+-label%3Aquestion+-label%3Aneeds-author-feedback+-label%3Afeature-request+label%3A%22Storage%22+created%3A%22%3C2024-05-18%22,https://github.com/Azure/azure-sdk-for-python/issues?q=is%3Aopen+is%3Aissue+label%3Acustomer-reported+label%3AClient+label%3A%22Storage%22,08-16-2024 10:24:35,False
azure-storage-extensions,NEEDS_ACTION,DISABLED,DISABLED,DISABLED,DISABLED,DISABLED,PASS,PASS,4,2,13,,,,,https://dev.azure.com/azure-sdk/590cfd2a-581c-4dcb-a12e-6568ce786175/_build/results?buildId=4055875,https://dev.azure.com/azure-sdk/590cfd2a-581c-4dcb-a12e-6568ce786175/_build/results?buildId=4054583,https://github.com/Azure/azure-sdk-for-python/issues?q=is%3Aopen+is%3Aissue+label%3Acustomer-reported+label%3AClient+-label%3Aissue-addressed+-label%3Abug+-label%3Aneeds-author-feedback+-label%3Afeature-request+label%3A%22Storage%22+created%3A%22%3C2024-07-17%22,https://github.com/Azure/azure-sdk-for-python/issues?q=is%3Aopen+is%3Aissue+label%3Acustomer-reported+label%3AClient+-label%3Aissue-addressed+-label%3Aquestion+-label%3Aneeds-author-feedback+-label%3Afeature-request+label%3A%22Storage%22+created%3A%22%3C2024-05-18%22,https://github.com/Azure/azure-sdk-for-python/issues?q=is%3Aopen+is%3Aissue+label%3Acustomer-reported+label%3AClient+label%3A%22Storage%22,08-16-2024 10:24:35,False
azure-storage-file-datalake,NEEDS_ACTION,DISABLED,DISABLED,DISABLED,WARNING,PASS,PASS,PASS,4,2,13,,,https://dev.azure.com/azure-sdk/590cfd2a-581c-4dcb-a12e-6568ce786175/_build/results?buildId=4042310,https://dev.azure.com/azure-sdk/590cfd2a-581c-4dcb-a12e-6568ce786175/_build/results?buildId=4055875,https://dev.azure.com/azure-sdk/590cfd2a-581c-4dcb-a12e-6568ce786175/_build/results?buildId=4055875,https://dev.azure.com/azure-sdk/590cfd2a-581c-4dcb-a12e-6568ce786175/_build/results?buildId=4054583,https://github.com/Azure/azure-sdk-for-python/issues?q=is%3Aopen+is%3Aissue+label%3Acustomer-reported+label%3AClient+-label%3Aissue-addressed+-label%3Abug+-label%3Aneeds-author-feedback+-label%3Afeature-request+label%3A%22Storage%22+created%3A%22%3C2024-07-17%22,https://github.com/Azure/azure-sdk-for-python/issues?q=is%3Aopen+is%3Aissue+label%3Acustomer-reported+label%3AClient+-label%3Aissue-addressed+-label%3Aquestion+-label%3Aneeds-author-feedback+-label%3Afeature-request+label%3A%22Storage%22+created%3A%22%3C2024-05-18%22,https://github.com/Azure/azure-sdk-for-python/issues?q=is%3Aopen+is%3Aissue+label%3Acustomer-reported+label%3AClient+label%3A%22Storage%22,08-16-2024 10:24:35,False
azure-storage-file-share,NEEDS_ACTION,DISABLED,DISABLED,DISABLED,WARNING,PASS,PASS,PASS,4,2,13,,,https://dev.azure.com/azure-sdk/590cfd2a-581c-4dcb-a12e-6568ce786175/_build/results?buildId=4042310,https://dev.azure.com/azure-sdk/590cfd2a-581c-4dcb-a12e-6568ce786175/_build/results?buildId=4055875,https://dev.azure.com/azure-sdk/590cfd2a-581c-4dcb-a12e-6568ce786175/_build/results?buildId=4055875,https://dev.azure.com/azure-sdk/590cfd2a-581c-4dcb-a12e-6568ce786175/_build/results?buildId=4054583,https://github.com/Azure/azure-sdk-for-python/issues?q=is%3Aopen+is%3Aissue+label%3Acustomer-reported+label%3AClient+-label%3Aissue-addressed+-label%3Abug+-label%3Aneeds-author-feedback+-label%3Afeature-request+label%3A%22Storage%22+created%3A%22%3C2024-07-17%22,https://github.com/Azure/azure-sdk-for-python/issues?q=is%3Aopen+is%3Aissue+label%3Acustomer-reported+label%3AClient+-label%3Aissue-addressed+-label%3Aquestion+-label%3Aneeds-author-feedback+-label%3Afeature-request+label%3A%22Storage%22+created%3A%22%3C2024-05-18%22,https://github.com/Azure/azure-sdk-for-python/issues?q=is%3Aopen+is%3Aissue+label%3Acustomer-reported+label%3AClient+label%3A%22Storage%22,08-16-2024 10:24:35,False
azure-storage-queue,NEEDS_ACTION,WARNING,DISABLED,ENABLED,WARNING,PASS,PASS,PASS,4,2,13,https://dev.azure.com/azure-sdk/590cfd2a-581c-4dcb-a12e-6568ce786175/_build/results?buildId=4042310,,https://dev.azure.com/azure-sdk/590cfd2a-581c-4dcb-a12e-6568ce786175/_build/results?buildId=4042310,https://dev.azure.com/azure-sdk/590cfd2a-581c-4dcb-a12e-6568ce786175/_build/results?buildId=4055875,https://dev.azure.com/azure-sdk/590cfd2a-581c-4dcb-a12e-6568ce786175/_build/results?buildId=4055875,https://dev.azure.com/azure-sdk/590cfd2a-581c-4dcb-a12e-6568ce786175/_build/results?buildId=4054583,https://github.com/Azure/azure-sdk-for-python/issues?q=is%3Aopen+is%3Aissue+label%3Acustomer-reported+label%3AClient+-label%3Aissue-addressed+-label%3Abug+-label%3Aneeds-author-feedback+-label%3Afeature-request+label%3A%22Storage%22+created%3A%22%3C2024-07-17%22,https://github.com/Azure/azure-sdk-for-python/issues?q=is%3Aopen+is%3Aissue+label%3Acustomer-reported+label%3AClient+-label%3Aissue-addressed+-label%3Aquestion+-label%3Aneeds-author-feedback+-label%3Afeature-request+label%3A%22Storage%22+created%3A%22%3C2024-05-18%22,https://github.com/Azure/azure-sdk-for-python/issues?q=is%3Aopen+is%3Aissue+label%3Acustomer-reported+label%3AClient+label%3A%22Storage%22,08-16-2024 10:24:35,False
azure-synapse-accesscontrol,BLOCKED,DISABLED,DISABLED,DISABLED,DISABLED,DISABLED,DISABLED,DISABLED,2,0,4,,,,,,,https://github.com/Azure/azure-sdk-for-python/issues?q=is%3Aopen+is%3Aissue+label%3Acustomer-reported+label%3AClient+-label%3Aissue-addressed+-label%3Abug+-label%3Aneeds-author-feedback+-label%3Afeature-request+label%3A%22Synapse%22+created%3A%22%3C2024-07-17%22,,https://github.com/Azure/azure-sdk-for-python/issues?q=is%3Aopen+is%3Aissue+label%3Acustomer-reported+label%3AClient+label%3A%22Synapse%22,08-16-2024 10:24:35,False
azure-synapse-artifacts,BLOCKED,FAIL,DISABLED,DISABLED,DISABLED,PASS,FAIL,UNKNOWN,2,0,4,https://dev.azure.com/azure-sdk/590cfd2a-581c-4dcb-a12e-6568ce786175/_build/results?buildId=4055790,,,https://dev.azure.com/azure-sdk/590cfd2a-581c-4dcb-a12e-6568ce786175/_build/results?buildId=4055790,https://dev.azure.com/azure-sdk/590cfd2a-581c-4dcb-a12e-6568ce786175/_build/results?buildId=4055790,,https://github.com/Azure/azure-sdk-for-python/issues?q=is%3Aopen+is%3Aissue+label%3Acustomer-reported+label%3AClient+-label%3Aissue-addressed+-label%3Abug+-label%3Aneeds-author-feedback+-label%3Afeature-request+label%3A%22Synapse%22+created%3A%22%3C2024-07-17%22,,https://github.com/Azure/azure-sdk-for-python/issues?q=is%3Aopen+is%3Aissue+label%3Acustomer-reported+label%3AClient+label%3A%22Synapse%22,08-16-2024 10:24:35,False
azure-synapse-managedprivateendpoints,BLOCKED,DISABLED,DISABLED,DISABLED,DISABLED,DISABLED,DISABLED,DISABLED,2,0,4,,,,,,,https://github.com/Azure/azure-sdk-for-python/issues?q=is%3Aopen+is%3Aissue+label%3Acustomer-reported+label%3AClient+-label%3Aissue-addressed+-label%3Abug+-label%3Aneeds-author-feedback+-label%3Afeature-request+label%3A%22Synapse%22+created%3A%22%3C2024-07-17%22,,https://github.com/Azure/azure-sdk-for-python/issues?q=is%3Aopen+is%3Aissue+label%3Acustomer-reported+label%3AClient+label%3A%22Synapse%22,08-16-2024 10:24:35,False
azure-synapse-monitoring,BLOCKED,DISABLED,DISABLED,DISABLED,DISABLED,DISABLED,DISABLED,DISABLED,2,0,4,,,,,,,https://github.com/Azure/azure-sdk-for-python/issues?q=is%3Aopen+is%3Aissue+label%3Acustomer-reported+label%3AClient+-label%3Aissue-addressed+-label%3Abug+-label%3Aneeds-author-feedback+-label%3Afeature-request+label%3A%22Synapse%22+created%3A%22%3C2024-07-17%22,,https://github.com/Azure/azure-sdk-for-python/issues?q=is%3Aopen+is%3Aissue+label%3Acustomer-reported+label%3AClient+label%3A%22Synapse%22,08-16-2024 10:24:35,False
azure-synapse-spark,BLOCKED,DISABLED,DISABLED,DISABLED,DISABLED,DISABLED,DISABLED,DISABLED,2,0,4,,,,,,,https://github.com/Azure/azure-sdk-for-python/issues?q=is%3Aopen+is%3Aissue+label%3Acustomer-reported+label%3AClient+-label%3Aissue-addressed+-label%3Abug+-label%3Aneeds-author-feedback+-label%3Afeature-request+label%3A%22Synapse%22+created%3A%22%3C2024-07-17%22,,https://github.com/Azure/azure-sdk-for-python/issues?q=is%3Aopen+is%3Aissue+label%3Acustomer-reported+label%3AClient+label%3A%22Synapse%22,08-16-2024 10:24:35,False
corehttp,NEEDS_ACTION,PASS,DISABLED,ENABLED,WARNING,PASS,PASS,PASS,0,0,0,https://dev.azure.com/azure-sdk/590cfd2a-581c-4dcb-a12e-6568ce786175/_build/results?buildId=4056680,,https://dev.azure.com/azure-sdk/590cfd2a-581c-4dcb-a12e-6568ce786175/_build/results?buildId=4041630,https://dev.azure.com/azure-sdk/590cfd2a-581c-4dcb-a12e-6568ce786175/_build/results?buildId=4056680,https://dev.azure.com/azure-sdk/590cfd2a-581c-4dcb-a12e-6568ce786175/_build/results?buildId=4056680,https://dev.azure.com/azure-sdk/590cfd2a-581c-4dcb-a12e-6568ce786175/_build/results?buildId=4057690,,,,08-16-2024 10:24:35,True
