Library,Status,Mypy,Pyright,Type Checked Samples,Pylint,Sphinx,Tests - CI,Tests - Live,Tests - Samples,SLA - Questions,SLA - Bugs,Total customer-reported issues,Mypy_link,Pyright_link,Pylint_link,Sphinx_link,Tests - CI_link,Tests - Live_link,Tests - Samples_link,SLA - Questions_link,SLA - Bugs_link,Total customer-reported issues_link,Last Refresh,SDK Owned
azure-agrifood-farming,BLOCKED,DISABLED,DISABLED,DISABLED,DISABLED,DISABLED,DISABLED,DISABLED,DISABLED,0,0,0,,,,,,,,,,,01-17-2026 05:08:29,False
azure-ai-agents,NEEDS_ACTION,WARNING,WARNING,ENABLED,WARNING,PASS,PASS,UNKNOWN,DISABLED,5,0,10,https://dev.azure.com/azure-sdk/590cfd2a-581c-4dcb-a12e-6568ce786175/_build/results?buildId=5739716,https://dev.azure.com/azure-sdk/590cfd2a-581c-4dcb-a12e-6568ce786175/_build/results?buildId=5739716,https://dev.azure.com/azure-sdk/590cfd2a-581c-4dcb-a12e-6568ce786175/_build/results?buildId=5739716,https://dev.azure.com/azure-sdk/590cfd2a-581c-4dcb-a12e-6568ce786175/_build/results?buildId=5764626,https://dev.azure.com/azure-sdk/590cfd2a-581c-4dcb-a12e-6568ce786175/_build/results?buildId=5764626,,,https://github.com/Azure/azure-sdk-for-python/issues?q=is%3Aopen+is%3Aissue+label%3Acustomer-reported+label%3AClient+-label%3Aissue-addressed+-label%3Abug+-label%3Aneeds-author-feedback+-label%3Afeature-request+label%3A%22AI+Agents%22+created%3A%22%3C2025-12-18%22,,https://github.com/Azure/azure-sdk-for-python/issues?q=is%3Aopen+is%3Aissue+label%3Acustomer-reported+label%3AClient+label%3A%22AI+Agents%22,01-17-2026 05:08:29,False
azure-ai-agentserver-agentframework,BLOCKED,FAIL,DISABLED,ENABLED,FAIL,FAIL,FAIL,PASS,DISABLED,0,0,0,https://dev.azure.com/azure-sdk/590cfd2a-581c-4dcb-a12e-6568ce786175/_build/results?buildId=5762355,,https://dev.azure.com/azure-sdk/590cfd2a-581c-4dcb-a12e-6568ce786175/_build/results?buildId=5762355,https://dev.azure.com/azure-sdk/590cfd2a-581c-4dcb-a12e-6568ce786175/_build/results?buildId=5762355,https://dev.azure.com/azure-sdk/590cfd2a-581c-4dcb-a12e-6568ce786175/_build/results?buildId=5762355,https://dev.azure.com/azure-sdk/590cfd2a-581c-4dcb-a12e-6568ce786175/_build/results?buildId=5762433,,,,,01-17-2026 05:08:29,False
azure-ai-agentserver-core,BLOCKED,FAIL,DISABLED,ENABLED,FAIL,FAIL,FAIL,PASS,DISABLED,0,0,0,https://dev.azure.com/azure-sdk/590cfd2a-581c-4dcb-a12e-6568ce786175/_build/results?buildId=5762355,,https://dev.azure.com/azure-sdk/590cfd2a-581c-4dcb-a12e-6568ce786175/_build/results?buildId=5762355,https://dev.azure.com/azure-sdk/590cfd2a-581c-4dcb-a12e-6568ce786175/_build/results?buildId=5762355,https://dev.azure.com/azure-sdk/590cfd2a-581c-4dcb-a12e-6568ce786175/_build/results?buildId=5762355,https://dev.azure.com/azure-sdk/590cfd2a-581c-4dcb-a12e-6568ce786175/_build/results?buildId=5762433,,,,,01-17-2026 05:08:29,False
azure-ai-agentserver-langgraph,BLOCKED,FAIL,DISABLED,ENABLED,FAIL,FAIL,FAIL,PASS,DISABLED,0,0,0,https://dev.azure.com/azure-sdk/590cfd2a-581c-4dcb-a12e-6568ce786175/_build/results?buildId=5762355,,https://dev.azure.com/azure-sdk/590cfd2a-581c-4dcb-a12e-6568ce786175/_build/results?buildId=5762355,https://dev.azure.com/azure-sdk/590cfd2a-581c-4dcb-a12e-6568ce786175/_build/results?buildId=5762355,https://dev.azure.com/azure-sdk/590cfd2a-581c-4dcb-a12e-6568ce786175/_build/results?buildId=5762355,https://dev.azure.com/azure-sdk/590cfd2a-581c-4dcb-a12e-6568ce786175/_build/results?buildId=5762433,,,,,01-17-2026 05:08:29,False
azure-ai-contentsafety,BLOCKED,PASS,FAIL,ENABLED,FAIL,PASS,PASS,UNKNOWN,DISABLED,0,0,2,https://dev.azure.com/azure-sdk/590cfd2a-581c-4dcb-a12e-6568ce786175/_build/results?buildId=5765125,https://dev.azure.com/azure-sdk/590cfd2a-581c-4dcb-a12e-6568ce786175/_build/results?buildId=5765125,https://dev.azure.com/azure-sdk/590cfd2a-581c-4dcb-a12e-6568ce786175/_build/results?buildId=5765125,https://dev.azure.com/azure-sdk/590cfd2a-581c-4dcb-a12e-6568ce786175/_build/results?buildId=5765125,https://dev.azure.com/azure-sdk/590cfd2a-581c-4dcb-a12e-6568ce786175/_build/results?buildId=5765125,,,,,https://github.com/Azure/azure-sdk-for-python/issues?q=is%3Aopen+is%3Aissue+label%3Acustomer-reported+label%3AClient+label%3A%22Content+Safety%22,01-17-2026 05:08:29,False
azure-ai-documentintelligence,BLOCKED,PASS,DISABLED,ENABLED,FAIL,PASS,PASS,FAIL,UNKNOWN,14,0,17,https://dev.azure.com/azure-sdk/590cfd2a-581c-4dcb-a12e-6568ce786175/_build/results?buildId=5763406,,https://dev.azure.com/azure-sdk/590cfd2a-581c-4dcb-a12e-6568ce786175/_build/results?buildId=5763406,https://dev.azure.com/azure-sdk/590cfd2a-581c-4dcb-a12e-6568ce786175/_build/results?buildId=5763406,https://dev.azure.com/azure-sdk/590cfd2a-581c-4dcb-a12e-6568ce786175/_build/results?buildId=5763406,https://dev.azure.com/azure-sdk/590cfd2a-581c-4dcb-a12e-6568ce786175/_build/results?buildId=5763438,https://dev.azure.com/azure-sdk/590cfd2a-581c-4dcb-a12e-6568ce786175/_build/results?buildId=5763438,https://github.com/Azure/azure-sdk-for-python/issues?q=is%3Aopen+is%3Aissue+label%3Acustomer-reported+label%3AClient+-label%3Aissue-addressed+-label%3Abug+-label%3Aneeds-author-feedback+-label%3Afeature-request+label%3A%22Document+Intelligence%22+created%3A%22%3C2025-12-18%22,,https://github.com/Azure/azure-sdk-for-python/issues?q=is%3Aopen+is%3Aissue+label%3Acustomer-reported+label%3AClient+label%3A%22Document+Intelligence%22,01-17-2026 05:08:29,True
azure-ai-evaluation,NEEDS_ACTION,DISABLED,DISABLED,ENABLED,DISABLED,PASS,PASS,UNKNOWN,UNKNOWN,1,0,6,,,,https://dev.azure.com/azure-sdk/590cfd2a-581c-4dcb-a12e-6568ce786175/_build/results?buildId=5765295,https://dev.azure.com/azure-sdk/590cfd2a-581c-4dcb-a12e-6568ce786175/_build/results?buildId=5765295,https://dev.azure.com/azure-sdk/590cfd2a-581c-4dcb-a12e-6568ce786175/_build/results?buildId=5765321,https://dev.azure.com/azure-sdk/590cfd2a-581c-4dcb-a12e-6568ce786175/_build/results?buildId=5765321,https://github.com/Azure/azure-sdk-for-python/issues?q=is%3Aopen+is%3Aissue+label%3Acustomer-reported+label%3AClient+-label%3Aissue-addressed+-label%3Abug+-label%3Aneeds-author-feedback+-label%3Afeature-request+label%3A%22Evaluation%22+created%3A%22%3C2025-12-18%22,,https://github.com/Azure/azure-sdk-for-python/issues?q=is%3Aopen+is%3Aissue+label%3Acustomer-reported+label%3AClient+label%3A%22Evaluation%22,01-17-2026 05:08:29,False
azure-ai-formrecognizer,BLOCKED,FAIL,DISABLED,ENABLED,DISABLED,PASS,PASS,FAIL,UNKNOWN,1,1,2,https://dev.azure.com/azure-sdk/590cfd2a-581c-4dcb-a12e-6568ce786175/_build/results?buildId=5761395,,,https://dev.azure.com/azure-sdk/590cfd2a-581c-4dcb-a12e-6568ce786175/_build/results?buildId=5761395,https://dev.azure.com/azure-sdk/590cfd2a-581c-4dcb-a12e-6568ce786175/_build/results?buildId=5761395,https://dev.azure.com/azure-sdk/590cfd2a-581c-4dcb-a12e-6568ce786175/_build/results?buildId=5763647,https://dev.azure.com/azure-sdk/590cfd2a-581c-4dcb-a12e-6568ce786175/_build/results?buildId=5763647,https://github.com/Azure/azure-sdk-for-python/issues?q=is%3Aopen+is%3Aissue+label%3Acustomer-reported+label%3AClient+-label%3Aissue-addressed+-label%3Abug+-label%3Aneeds-author-feedback+-label%3Afeature-request+label%3A%22Cognitive+-+Form+Recognizer%22+created%3A%22%3C2025-12-18%22,https://github.com/Azure/azure-sdk-for-python/issues?q=is%3Aopen+is%3Aissue+label%3Acustomer-reported+label%3AClient+-label%3Aissue-addressed+-label%3Aquestion+-label%3Aneeds-author-feedback+-label%3Afeature-request+label%3A%22Cognitive+-+Form+Recognizer%22+created%3A%22%3C2025-10-19%22,https://github.com/Azure/azure-sdk-for-python/issues?q=is%3Aopen+is%3Aissue+label%3Acustomer-reported+label%3AClient+label%3A%22Cognitive+-+Form+Recognizer%22,01-17-2026 05:08:29,True
azure-ai-language-conversations,BLOCKED,PASS,FAIL,ENABLED,PASS,PASS,PASS,FAIL,UNKNOWN,0,0,0,https://dev.azure.com/azure-sdk/590cfd2a-581c-4dcb-a12e-6568ce786175/_build/results?buildId=5763463,https://dev.azure.com/azure-sdk/590cfd2a-581c-4dcb-a12e-6568ce786175/_build/results?buildId=5763463,https://dev.azure.com/azure-sdk/590cfd2a-581c-4dcb-a12e-6568ce786175/_build/results?buildId=5763463,https://dev.azure.com/azure-sdk/590cfd2a-581c-4dcb-a12e-6568ce786175/_build/results?buildId=5763463,https://dev.azure.com/azure-sdk/590cfd2a-581c-4dcb-a12e-6568ce786175/_build/results?buildId=5763463,https://dev.azure.com/azure-sdk/590cfd2a-581c-4dcb-a12e-6568ce786175/_build/results?buildId=5762917,https://dev.azure.com/azure-sdk/590cfd2a-581c-4dcb-a12e-6568ce786175/_build/results?buildId=5762917,,,,01-17-2026 05:08:29,False
azure-ai-language-conversations-authoring,BLOCKED,PASS,FAIL,ENABLED,PASS,PASS,PASS,FAIL,UNKNOWN,0,0,0,https://dev.azure.com/azure-sdk/590cfd2a-581c-4dcb-a12e-6568ce786175/_build/results?buildId=5763463,https://dev.azure.com/azure-sdk/590cfd2a-581c-4dcb-a12e-6568ce786175/_build/results?buildId=5763463,https://dev.azure.com/azure-sdk/590cfd2a-581c-4dcb-a12e-6568ce786175/_build/results?buildId=5763463,https://dev.azure.com/azure-sdk/590cfd2a-581c-4dcb-a12e-6568ce786175/_build/results?buildId=5763463,https://dev.azure.com/azure-sdk/590cfd2a-581c-4dcb-a12e-6568ce786175/_build/results?buildId=5763463,https://dev.azure.com/azure-sdk/590cfd2a-581c-4dcb-a12e-6568ce786175/_build/results?buildId=5762917,https://dev.azure.com/azure-sdk/590cfd2a-581c-4dcb-a12e-6568ce786175/_build/results?buildId=5762917,,,,01-17-2026 05:08:29,False
azure-ai-language-questionanswering,BLOCKED,PASS,FAIL,ENABLED,PASS,PASS,PASS,FAIL,UNKNOWN,0,0,0,https://dev.azure.com/azure-sdk/590cfd2a-581c-4dcb-a12e-6568ce786175/_build/results?buildId=5763463,https://dev.azure.com/azure-sdk/590cfd2a-581c-4dcb-a12e-6568ce786175/_build/results?buildId=5763463,https://dev.azure.com/azure-sdk/590cfd2a-581c-4dcb-a12e-6568ce786175/_build/results?buildId=5763463,https://dev.azure.com/azure-sdk/590cfd2a-581c-4dcb-a12e-6568ce786175/_build/results?buildId=5763463,https://dev.azure.com/azure-sdk/590cfd2a-581c-4dcb-a12e-6568ce786175/_build/results?buildId=5763463,https://dev.azure.com/azure-sdk/590cfd2a-581c-4dcb-a12e-6568ce786175/_build/results?buildId=5762917,https://dev.azure.com/azure-sdk/590cfd2a-581c-4dcb-a12e-6568ce786175/_build/results?buildId=5762917,,,,01-17-2026 05:08:29,False
azure-ai-language-questionanswering-authoring,BLOCKED,PASS,FAIL,ENABLED,PASS,PASS,PASS,FAIL,UNKNOWN,0,0,0,https://dev.azure.com/azure-sdk/590cfd2a-581c-4dcb-a12e-6568ce786175/_build/results?buildId=5763463,https://dev.azure.com/azure-sdk/590cfd2a-581c-4dcb-a12e-6568ce786175/_build/results?buildId=5763463,https://dev.azure.com/azure-sdk/590cfd2a-581c-4dcb-a12e-6568ce786175/_build/results?buildId=5763463,https://dev.azure.com/azure-sdk/590cfd2a-581c-4dcb-a12e-6568ce786175/_build/results?buildId=5763463,https://dev.azure.com/azure-sdk/590cfd2a-581c-4dcb-a12e-6568ce786175/_build/results?buildId=5763463,https://dev.azure.com/azure-sdk/590cfd2a-581c-4dcb-a12e-6568ce786175/_build/results?buildId=5762917,https://dev.azure.com/azure-sdk/590cfd2a-581c-4dcb-a12e-6568ce786175/_build/results?buildId=5762917,,,,01-17-2026 05:08:29,False
azure-ai-ml,BLOCKED,PASS,DISABLED,ENABLED,WARNING,PASS,FAIL,PASS,PASS,24,8,48,https://dev.azure.com/azure-sdk/590cfd2a-581c-4dcb-a12e-6568ce786175/_build/results?buildId=5763652,,https://dev.azure.com/azure-sdk/590cfd2a-581c-4dcb-a12e-6568ce786175/_build/results?buildId=5740717,https://dev.azure.com/azure-sdk/590cfd2a-581c-4dcb-a12e-6568ce786175/_build/results?buildId=5763652,https://dev.azure.com/azure-sdk/590cfd2a-581c-4dcb-a12e-6568ce786175/_build/results?buildId=5763652,https://dev.azure.com/azure-sdk/590cfd2a-581c-4dcb-a12e-6568ce786175/_build/results?buildId=1791608,https://dev.azure.com/azure-sdk/590cfd2a-581c-4dcb-a12e-6568ce786175/_build/results?buildId=1791608,https://github.com/Azure/azure-sdk-for-python/issues?q=is%3Aopen+is%3Aissue+label%3Acustomer-reported+label%3AClient+-label%3Aissue-addressed+-label%3Abug+-label%3Aneeds-author-feedback+-label%3Afeature-request+label%3A%22Machine+Learning%22+created%3A%22%3C2025-12-18%22,https://github.com/Azure/azure-sdk-for-python/issues?q=is%3Aopen+is%3Aissue+label%3Acustomer-reported+label%3AClient+-label%3Aissue-addressed+-label%3Aquestion+-label%3Aneeds-author-feedback+-label%3Afeature-request+label%3A%22Machine+Learning%22+created%3A%22%3C2025-10-19%22,https://github.com/Azure/azure-sdk-for-python/issues?q=is%3Aopen+is%3Aissue+label%3Acustomer-reported+label%3AClient+label%3A%22Machine+Learning%22,01-17-2026 05:08:29,False
azure-ai-projects,NEEDS_ACTION,WARNING,WARNING,ENABLED,WARNING,PASS,PASS,UNKNOWN,DISABLED,10,0,12,https://dev.azure.com/azure-sdk/590cfd2a-581c-4dcb-a12e-6568ce786175/_build/results?buildId=5739716,https://dev.azure.com/azure-sdk/590cfd2a-581c-4dcb-a12e-6568ce786175/_build/results?buildId=5739716,https://dev.azure.com/azure-sdk/590cfd2a-581c-4dcb-a12e-6568ce786175/_build/results?buildId=5739716,https://dev.azure.com/azure-sdk/590cfd2a-581c-4dcb-a12e-6568ce786175/_build/results?buildId=5764626,https://dev.azure.com/azure-sdk/590cfd2a-581c-4dcb-a12e-6568ce786175/_build/results?buildId=5764626,,,https://github.com/Azure/azure-sdk-for-python/issues?q=is%3Aopen+is%3Aissue+label%3Acustomer-reported+label%3AClient+-label%3Aissue-addressed+-label%3Abug+-label%3Aneeds-author-feedback+-label%3Afeature-request+label%3A%22AI+Projects%22+created%3A%22%3C2025-12-18%22,,https://github.com/Azure/azure-sdk-for-python/issues?q=is%3Aopen+is%3Aissue+label%3Acustomer-reported+label%3AClient+label%3A%22AI+Projects%22,01-17-2026 05:08:29,False
azure-ai-textanalytics,BLOCKED,PASS,FAIL,ENABLED,PASS,PASS,PASS,FAIL,UNKNOWN,0,0,0,https://dev.azure.com/azure-sdk/590cfd2a-581c-4dcb-a12e-6568ce786175/_build/results?buildId=5763463,https://dev.azure.com/azure-sdk/590cfd2a-581c-4dcb-a12e-6568ce786175/_build/results?buildId=5763463,https://dev.azure.com/azure-sdk/590cfd2a-581c-4dcb-a12e-6568ce786175/_build/results?buildId=5763463,https://dev.azure.com/azure-sdk/590cfd2a-581c-4dcb-a12e-6568ce786175/_build/results?buildId=5763463,https://dev.azure.com/azure-sdk/590cfd2a-581c-4dcb-a12e-6568ce786175/_build/results?buildId=5763463,https://dev.azure.com/azure-sdk/590cfd2a-581c-4dcb-a12e-6568ce786175/_build/results?buildId=5762917,https://dev.azure.com/azure-sdk/590cfd2a-581c-4dcb-a12e-6568ce786175/_build/results?buildId=5762917,,,,01-17-2026 05:08:29,False
azure-ai-textanalytics,NEEDS_ACTION,UNKNOWN,DISABLED,ENABLED,UNKNOWN,UNKNOWN,UNKNOWN,FAIL,UNKNOWN,2,0,2,https://dev.azure.com/azure-sdk/590cfd2a-581c-4dcb-a12e-6568ce786175/_build/results?buildId=5765231,,https://dev.azure.com/azure-sdk/590cfd2a-581c-4dcb-a12e-6568ce786175/_build/results?buildId=5765231,https://dev.azure.com/azure-sdk/590cfd2a-581c-4dcb-a12e-6568ce786175/_build/results?buildId=5765231,https://dev.azure.com/azure-sdk/590cfd2a-581c-4dcb-a12e-6568ce786175/_build/results?buildId=5765231,https://dev.azure.com/azure-sdk/590cfd2a-581c-4dcb-a12e-6568ce786175/_build/results?buildId=5765409,https://dev.azure.com/azure-sdk/590cfd2a-581c-4dcb-a12e-6568ce786175/_build/results?buildId=5765409,https://github.com/Azure/azure-sdk-for-python/issues?q=is%3Aopen+is%3Aissue+label%3Acustomer-reported+label%3AClient+-label%3Aissue-addressed+-label%3Abug+-label%3Aneeds-author-feedback+-label%3Afeature-request+label%3A%22Cognitive+-+Text+Analytics%22+created%3A%22%3C2025-12-18%22,,https://github.com/Azure/azure-sdk-for-python/issues?q=is%3Aopen+is%3Aissue+label%3Acustomer-reported+label%3AClient+label%3A%22Cognitive+-+Text+Analytics%22,01-17-2026 05:08:29,False
azure-ai-textanalytics-authoring,BLOCKED,PASS,FAIL,ENABLED,PASS,PASS,PASS,FAIL,UNKNOWN,0,0,0,https://dev.azure.com/azure-sdk/590cfd2a-581c-4dcb-a12e-6568ce786175/_build/results?buildId=5763463,https://dev.azure.com/azure-sdk/590cfd2a-581c-4dcb-a12e-6568ce786175/_build/results?buildId=5763463,https://dev.azure.com/azure-sdk/590cfd2a-581c-4dcb-a12e-6568ce786175/_build/results?buildId=5763463,https://dev.azure.com/azure-sdk/590cfd2a-581c-4dcb-a12e-6568ce786175/_build/results?buildId=5763463,https://dev.azure.com/azure-sdk/590cfd2a-581c-4dcb-a12e-6568ce786175/_build/results?buildId=5763463,https://dev.azure.com/azure-sdk/590cfd2a-581c-4dcb-a12e-6568ce786175/_build/results?buildId=5762917,https://dev.azure.com/azure-sdk/590cfd2a-581c-4dcb-a12e-6568ce786175/_build/results?buildId=5762917,,,,01-17-2026 05:08:29,False
azure-ai-transcription,NEEDS_ACTION,WARNING,WARNING,ENABLED,WARNING,PASS,PASS,UNKNOWN,DISABLED,0,0,0,,,,https://dev.azure.com/azure-sdk/590cfd2a-581c-4dcb-a12e-6568ce786175/_build/results?buildId=5761473,https://dev.azure.com/azure-sdk/590cfd2a-581c-4dcb-a12e-6568ce786175/_build/results?buildId=5761473,,,,,,01-17-2026 05:08:29,False
azure-ai-translation-document,BLOCKED,PASS,DISABLED,ENABLED,PASS,PASS,FAIL,FAIL,DISABLED,1,1,4,https://dev.azure.com/azure-sdk/590cfd2a-581c-4dcb-a12e-6568ce786175/_build/results?buildId=5763260,,https://dev.azure.com/azure-sdk/590cfd2a-581c-4dcb-a12e-6568ce786175/_build/results?buildId=5763260,https://dev.azure.com/azure-sdk/590cfd2a-581c-4dcb-a12e-6568ce786175/_build/results?buildId=5763260,https://dev.azure.com/azure-sdk/590cfd2a-581c-4dcb-a12e-6568ce786175/_build/results?buildId=5763260,https://dev.azure.com/azure-sdk/590cfd2a-581c-4dcb-a12e-6568ce786175/_build/results?buildId=5763188,,https://github.com/Azure/azure-sdk-for-python/issues?q=is%3Aopen+is%3Aissue+label%3Acustomer-reported+label%3AClient+-label%3Aissue-addressed+-label%3Abug+-label%3Aneeds-author-feedback+-label%3Afeature-request+label%3A%22Cognitive+-+Translator%22+created%3A%22%3C2025-12-18%22,https://github.com/Azure/azure-sdk-for-python/issues?q=is%3Aopen+is%3Aissue+label%3Acustomer-reported+label%3AClient+-label%3Aissue-addressed+-label%3Aquestion+-label%3Aneeds-author-feedback+-label%3Afeature-request+label%3A%22Cognitive+-+Translator%22+created%3A%22%3C2025-10-19%22,https://github.com/Azure/azure-sdk-for-python/issues?q=is%3Aopen+is%3Aissue+label%3Acustomer-reported+label%3AClient+label%3A%22Cognitive+-+Translator%22,01-17-2026 05:08:29,False
azure-ai-translation-text,BLOCKED,PASS,FAIL,ENABLED,PASS,PASS,FAIL,FAIL,DISABLED,1,1,4,https://dev.azure.com/azure-sdk/590cfd2a-581c-4dcb-a12e-6568ce786175/_build/results?buildId=5763260,https://dev.azure.com/azure-sdk/590cfd2a-581c-4dcb-a12e-6568ce786175/_build/results?buildId=5763260,https://dev.azure.com/azure-sdk/590cfd2a-581c-4dcb-a12e-6568ce786175/_build/results?buildId=5763260,https://dev.azure.com/azure-sdk/590cfd2a-581c-4dcb-a12e-6568ce786175/_build/results?buildId=5763260,https://dev.azure.com/azure-sdk/590cfd2a-581c-4dcb-a12e-6568ce786175/_build/results?buildId=5763260,https://dev.azure.com/azure-sdk/590cfd2a-581c-4dcb-a12e-6568ce786175/_build/results?buildId=5763188,,https://github.com/Azure/azure-sdk-for-python/issues?q=is%3Aopen+is%3Aissue+label%3Acustomer-reported+label%3AClient+-label%3Aissue-addressed+-label%3Abug+-label%3Aneeds-author-feedback+-label%3Afeature-request+label%3A%22Cognitive+-+Translator%22+created%3A%22%3C2025-12-18%22,https://github.com/Azure/azure-sdk-for-python/issues?q=is%3Aopen+is%3Aissue+label%3Acustomer-reported+label%3AClient+-label%3Aissue-addressed+-label%3Aquestion+-label%3Aneeds-author-feedback+-label%3Afeature-request+label%3A%22Cognitive+-+Translator%22+created%3A%22%3C2025-10-19%22,https://github.com/Azure/azure-sdk-for-python/issues?q=is%3Aopen+is%3Aissue+label%3Acustomer-reported+label%3AClient+label%3A%22Cognitive+-+Translator%22,01-17-2026 05:08:29,False
azure-ai-vision-face,BLOCKED,PASS,FAIL,ENABLED,FAIL,PASS,PASS,PASS,DISABLED,0,0,0,https://dev.azure.com/azure-sdk/590cfd2a-581c-4dcb-a12e-6568ce786175/_build/results?buildId=5763659,https://dev.azure.com/azure-sdk/590cfd2a-581c-4dcb-a12e-6568ce786175/_build/results?buildId=5763659,https://dev.azure.com/azure-sdk/590cfd2a-581c-4dcb-a12e-6568ce786175/_build/results?buildId=5763659,https://dev.azure.com/azure-sdk/590cfd2a-581c-4dcb-a12e-6568ce786175/_build/results?buildId=5763659,https://dev.azure.com/azure-sdk/590cfd2a-581c-4dcb-a12e-6568ce786175/_build/results?buildId=5763659,https://dev.azure.com/azure-sdk/590cfd2a-581c-4dcb-a12e-6568ce786175/_build/results?buildId=4050804,,,,,01-17-2026 05:08:29,False
azure-ai-vision-imageanalysis,BLOCKED,PASS,FAIL,ENABLED,PASS,PASS,PASS,PASS,DISABLED,0,0,0,https://dev.azure.com/azure-sdk/590cfd2a-581c-4dcb-a12e-6568ce786175/_build/results?buildId=5762987,https://dev.azure.com/azure-sdk/590cfd2a-581c-4dcb-a12e-6568ce786175/_build/results?buildId=5762987,https://dev.azure.com/azure-sdk/590cfd2a-581c-4dcb-a12e-6568ce786175/_build/results?buildId=5762987,https://dev.azure.com/azure-sdk/590cfd2a-581c-4dcb-a12e-6568ce786175/_build/results?buildId=5762987,https://dev.azure.com/azure-sdk/590cfd2a-581c-4dcb-a12e-6568ce786175/_build/results?buildId=5762987,https://dev.azure.com/azure-sdk/590cfd2a-581c-4dcb-a12e-6568ce786175/_build/results?buildId=4050779,,,,,01-17-2026 05:08:29,False
azure-ai-voicelive,NEEDS_ACTION,WARNING,WARNING,ENABLED,WARNING,PASS,PASS,UNKNOWN,DISABLED,0,0,0,https://dev.azure.com/azure-sdk/590cfd2a-581c-4dcb-a12e-6568ce786175/_build/results?buildId=5739716,https://dev.azure.com/azure-sdk/590cfd2a-581c-4dcb-a12e-6568ce786175/_build/results?buildId=5739716,https://dev.azure.com/azure-sdk/590cfd2a-581c-4dcb-a12e-6568ce786175/_build/results?buildId=5739716,https://dev.azure.com/azure-sdk/590cfd2a-581c-4dcb-a12e-6568ce786175/_build/results?buildId=5764626,https://dev.azure.com/azure-sdk/590cfd2a-581c-4dcb-a12e-6568ce786175/_build/results?buildId=5764626,,,,,,01-17-2026 05:08:29,False
azure-appconfiguration,BLOCKED,FAIL,DISABLED,ENABLED,PASS,PASS,FAIL,PASS,FAIL,0,0,1,https://dev.azure.com/azure-sdk/590cfd2a-581c-4dcb-a12e-6568ce786175/_build/results?buildId=5761191,,https://dev.azure.com/azure-sdk/590cfd2a-581c-4dcb-a12e-6568ce786175/_build/results?buildId=5761191,https://dev.azure.com/azure-sdk/590cfd2a-581c-4dcb-a12e-6568ce786175/_build/results?buildId=5761191,https://dev.azure.com/azure-sdk/590cfd2a-581c-4dcb-a12e-6568ce786175/_build/results?buildId=5761191,https://dev.azure.com/azure-sdk/590cfd2a-581c-4dcb-a12e-6568ce786175/_build/results?buildId=5764867,https://dev.azure.com/azure-sdk/590cfd2a-581c-4dcb-a12e-6568ce786175/_build/results?buildId=5764867,,,https://github.com/Azure/azure-sdk-for-python/issues?q=is%3Aopen+is%3Aissue+label%3Acustomer-reported+label%3AClient+label%3A%22App+Configuration%22,01-17-2026 05:08:29,True
azure-appconfiguration-provider,BLOCKED,FAIL,DISABLED,ENABLED,PASS,PASS,FAIL,PASS,FAIL,0,0,1,https://dev.azure.com/azure-sdk/590cfd2a-581c-4dcb-a12e-6568ce786175/_build/results?buildId=5761191,,https://dev.azure.com/azure-sdk/590cfd2a-581c-4dcb-a12e-6568ce786175/_build/results?buildId=5761191,https://dev.azure.com/azure-sdk/590cfd2a-581c-4dcb-a12e-6568ce786175/_build/results?buildId=5761191,https://dev.azure.com/azure-sdk/590cfd2a-581c-4dcb-a12e-6568ce786175/_build/results?buildId=5761191,https://dev.azure.com/azure-sdk/590cfd2a-581c-4dcb-a12e-6568ce786175/_build/results?buildId=5764867,https://dev.azure.com/azure-sdk/590cfd2a-581c-4dcb-a12e-6568ce786175/_build/results?buildId=5764867,,,https://github.com/Azure/azure-sdk-for-python/issues?q=is%3Aopen+is%3Aissue+label%3Acustomer-reported+label%3AClient+label%3A%22App+Configuration%22,01-17-2026 05:08:29,False
azure-batch,BLOCKED,WARNING,FAIL,ENABLED,PASS,FAIL,FAIL,UNKNOWN,DISABLED,8,0,9,https://dev.azure.com/azure-sdk/590cfd2a-581c-4dcb-a12e-6568ce786175/_build/results?buildId=5740526,https://dev.azure.com/azure-sdk/590cfd2a-581c-4dcb-a12e-6568ce786175/_build/results?buildId=5761335,https://dev.azure.com/azure-sdk/590cfd2a-581c-4dcb-a12e-6568ce786175/_build/results?buildId=5761335,https://dev.azure.com/azure-sdk/590cfd2a-581c-4dcb-a12e-6568ce786175/_build/results?buildId=5761335,https://dev.azure.com/azure-sdk/590cfd2a-581c-4dcb-a12e-6568ce786175/_build/results?buildId=5761335,,,https://github.com/Azure/azure-sdk-for-python/issues?q=is%3Aopen+is%3Aissue+label%3Acustomer-reported+label%3AClient+-label%3Aissue-addressed+-label%3Abug+-label%3Aneeds-author-feedback+-label%3Afeature-request+label%3A%22Batch%22+created%3A%22%3C2025-12-18%22,,https://github.com/Azure/azure-sdk-for-python/issues?q=is%3Aopen+is%3Aissue+label%3Acustomer-reported+label%3AClient+label%3A%22Batch%22,01-17-2026 05:08:29,False
azure-communication-callautomation,BLOCKED,FAIL,DISABLED,ENABLED,FAIL,PASS,FAIL,UNKNOWN,DISABLED,2,1,3,https://dev.azure.com/azure-sdk/590cfd2a-581c-4dcb-a12e-6568ce786175/_build/results?buildId=5763660,,https://dev.azure.com/azure-sdk/590cfd2a-581c-4dcb-a12e-6568ce786175/_build/results?buildId=5763660,https://dev.azure.com/azure-sdk/590cfd2a-581c-4dcb-a12e-6568ce786175/_build/results?buildId=5763660,https://dev.azure.com/azure-sdk/590cfd2a-581c-4dcb-a12e-6568ce786175/_build/results?buildId=5763660,,,https://github.com/Azure/azure-sdk-for-python/issues?q=is%3Aopen+is%3Aissue+label%3Acustomer-reported+label%3AClient+-label%3Aissue-addressed+-label%3Abug+-label%3Aneeds-author-feedback+-label%3Afeature-request+label%3A%22Communication+-+Call+Automation%22+created%3A%22%3C2025-12-18%22,https://github.com/Azure/azure-sdk-for-python/issues?q=is%3Aopen+is%3Aissue+label%3Acustomer-reported+label%3AClient+-label%3Aissue-addressed+-label%3Aquestion+-label%3Aneeds-author-feedback+-label%3Afeature-request+label%3A%22Communication+-+Call+Automation%22+created%3A%22%3C2025-10-19%22,https://github.com/Azure/azure-sdk-for-python/issues?q=is%3Aopen+is%3Aissue+label%3Acustomer-reported+label%3AClient+label%3A%22Communication+-+Call+Automation%22,01-17-2026 05:08:29,False
azure-communication-chat,BLOCKED,FAIL,DISABLED,ENABLED,FAIL,PASS,FAIL,FAIL,DISABLED,0,0,0,https://dev.azure.com/azure-sdk/590cfd2a-581c-4dcb-a12e-6568ce786175/_build/results?buildId=5763660,,https://dev.azure.com/azure-sdk/590cfd2a-581c-4dcb-a12e-6568ce786175/_build/results?buildId=5763660,https://dev.azure.com/azure-sdk/590cfd2a-581c-4dcb-a12e-6568ce786175/_build/results?buildId=5763660,https://dev.azure.com/azure-sdk/590cfd2a-581c-4dcb-a12e-6568ce786175/_build/results?buildId=5763660,https://dev.azure.com/azure-sdk/590cfd2a-581c-4dcb-a12e-6568ce786175/_build/results?buildId=5764511,,,,,01-17-2026 05:08:29,False
azure-communication-email,BLOCKED,FAIL,DISABLED,ENABLED,FAIL,PASS,FAIL,UNKNOWN,DISABLED,1,1,2,https://dev.azure.com/azure-sdk/590cfd2a-581c-4dcb-a12e-6568ce786175/_build/results?buildId=5763660,,https://dev.azure.com/azure-sdk/590cfd2a-581c-4dcb-a12e-6568ce786175/_build/results?buildId=5763660,https://dev.azure.com/azure-sdk/590cfd2a-581c-4dcb-a12e-6568ce786175/_build/results?buildId=5763660,https://dev.azure.com/azure-sdk/590cfd2a-581c-4dcb-a12e-6568ce786175/_build/results?buildId=5763660,https://dev.azure.com/azure-sdk/590cfd2a-581c-4dcb-a12e-6568ce786175/_build/results?buildId=5766118,,https://github.com/Azure/azure-sdk-for-python/issues?q=is%3Aopen+is%3Aissue+label%3Acustomer-reported+label%3AClient+-label%3Aissue-addressed+-label%3Abug+-label%3Aneeds-author-feedback+-label%3Afeature-request+label%3A%22Communication+-+Email%22+created%3A%22%3C2025-12-18%22,https://github.com/Azure/azure-sdk-for-python/issues?q=is%3Aopen+is%3Aissue+label%3Acustomer-reported+label%3AClient+-label%3Aissue-addressed+-label%3Aquestion+-label%3Aneeds-author-feedback+-label%3Afeature-request+label%3A%22Communication+-+Email%22+created%3A%22%3C2025-10-19%22,https://github.com/Azure/azure-sdk-for-python/issues?q=is%3Aopen+is%3Aissue+label%3Acustomer-reported+label%3AClient+label%3A%22Communication+-+Email%22,01-17-2026 05:08:29,False
azure-communication-identity,BLOCKED,FAIL,DISABLED,ENABLED,FAIL,PASS,FAIL,FAIL,DISABLED,0,0,0,https://dev.azure.com/azure-sdk/590cfd2a-581c-4dcb-a12e-6568ce786175/_build/results?buildId=5763660,,https://dev.azure.com/azure-sdk/590cfd2a-581c-4dcb-a12e-6568ce786175/_build/results?buildId=5763660,https://dev.azure.com/azure-sdk/590cfd2a-581c-4dcb-a12e-6568ce786175/_build/results?buildId=5763660,https://dev.azure.com/azure-sdk/590cfd2a-581c-4dcb-a12e-6568ce786175/_build/results?buildId=5763660,https://dev.azure.com/azure-sdk/590cfd2a-581c-4dcb-a12e-6568ce786175/_build/results?buildId=5762293,,,,,01-17-2026 05:08:29,False
azure-communication-jobrouter,BLOCKED,FAIL,DISABLED,ENABLED,FAIL,DISABLED,FAIL,UNKNOWN,DISABLED,0,0,0,https://dev.azure.com/azure-sdk/590cfd2a-581c-4dcb-a12e-6568ce786175/_build/results?buildId=5763660,,https://dev.azure.com/azure-sdk/590cfd2a-581c-4dcb-a12e-6568ce786175/_build/results?buildId=5763660,,https://dev.azure.com/azure-sdk/590cfd2a-581c-4dcb-a12e-6568ce786175/_build/results?buildId=5763660,,,,,,01-17-2026 05:08:29,False
azure-communication-messages,BLOCKED,FAIL,DISABLED,ENABLED,FAIL,PASS,FAIL,UNKNOWN,DISABLED,0,0,0,https://dev.azure.com/azure-sdk/590cfd2a-581c-4dcb-a12e-6568ce786175/_build/results?buildId=5763660,,https://dev.azure.com/azure-sdk/590cfd2a-581c-4dcb-a12e-6568ce786175/_build/results?buildId=5763660,https://dev.azure.com/azure-sdk/590cfd2a-581c-4dcb-a12e-6568ce786175/_build/results?buildId=5763660,https://dev.azure.com/azure-sdk/590cfd2a-581c-4dcb-a12e-6568ce786175/_build/results?buildId=5763660,,,,,,01-17-2026 05:08:29,False
azure-communication-phonenumbers,BLOCKED,FAIL,DISABLED,ENABLED,FAIL,PASS,FAIL,FAIL,DISABLED,0,0,0,https://dev.azure.com/azure-sdk/590cfd2a-581c-4dcb-a12e-6568ce786175/_build/results?buildId=5763660,,https://dev.azure.com/azure-sdk/590cfd2a-581c-4dcb-a12e-6568ce786175/_build/results?buildId=5763660,https://dev.azure.com/azure-sdk/590cfd2a-581c-4dcb-a12e-6568ce786175/_build/results?buildId=5763660,https://dev.azure.com/azure-sdk/590cfd2a-581c-4dcb-a12e-6568ce786175/_build/results?buildId=5763660,https://dev.azure.com/azure-sdk/590cfd2a-581c-4dcb-a12e-6568ce786175/_build/results?buildId=5763600,,,,,01-17-2026 05:08:29,False
azure-communication-rooms,BLOCKED,FAIL,DISABLED,ENABLED,FAIL,PASS,FAIL,PASS,DISABLED,0,0,0,https://dev.azure.com/azure-sdk/590cfd2a-581c-4dcb-a12e-6568ce786175/_build/results?buildId=5763660,,https://dev.azure.com/azure-sdk/590cfd2a-581c-4dcb-a12e-6568ce786175/_build/results?buildId=5763660,https://dev.azure.com/azure-sdk/590cfd2a-581c-4dcb-a12e-6568ce786175/_build/results?buildId=5763660,https://dev.azure.com/azure-sdk/590cfd2a-581c-4dcb-a12e-6568ce786175/_build/results?buildId=5763660,https://dev.azure.com/azure-sdk/590cfd2a-581c-4dcb-a12e-6568ce786175/_build/results?buildId=5762742,,,,,01-17-2026 05:08:29,False
azure-communication-sms,BLOCKED,FAIL,DISABLED,ENABLED,FAIL,PASS,FAIL,PASS,DISABLED,1,0,1,https://dev.azure.com/azure-sdk/590cfd2a-581c-4dcb-a12e-6568ce786175/_build/results?buildId=5763660,,https://dev.azure.com/azure-sdk/590cfd2a-581c-4dcb-a12e-6568ce786175/_build/results?buildId=5763660,https://dev.azure.com/azure-sdk/590cfd2a-581c-4dcb-a12e-6568ce786175/_build/results?buildId=5763660,https://dev.azure.com/azure-sdk/590cfd2a-581c-4dcb-a12e-6568ce786175/_build/results?buildId=5763660,https://dev.azure.com/azure-sdk/590cfd2a-581c-4dcb-a12e-6568ce786175/_build/results?buildId=5764064,,https://github.com/Azure/azure-sdk-for-python/issues?q=is%3Aopen+is%3Aissue+label%3Acustomer-reported+label%3AClient+-label%3Aissue-addressed+-label%3Abug+-label%3Aneeds-author-feedback+-label%3Afeature-request+label%3A%22Communication+-+SMS%22+created%3A%22%3C2025-12-18%22,,https://github.com/Azure/azure-sdk-for-python/issues?q=is%3Aopen+is%3Aissue+label%3Acustomer-reported+label%3AClient+label%3A%22Communication+-+SMS%22,01-17-2026 05:08:29,False
azure-confidentialledger,GOOD,PASS,DISABLED,ENABLED,PASS,PASS,PASS,FAIL,UNKNOWN,0,0,0,https://dev.azure.com/azure-sdk/590cfd2a-581c-4dcb-a12e-6568ce786175/_build/results?buildId=5761116,,https://dev.azure.com/azure-sdk/590cfd2a-581c-4dcb-a12e-6568ce786175/_build/results?buildId=5761116,https://dev.azure.com/azure-sdk/590cfd2a-581c-4dcb-a12e-6568ce786175/_build/results?buildId=5761116,https://dev.azure.com/azure-sdk/590cfd2a-581c-4dcb-a12e-6568ce786175/_build/results?buildId=5761116,https://dev.azure.com/azure-sdk/590cfd2a-581c-4dcb-a12e-6568ce786175/_build/results?buildId=5764520,https://dev.azure.com/azure-sdk/590cfd2a-581c-4dcb-a12e-6568ce786175/_build/results?buildId=5764520,,,,01-17-2026 05:08:29,False
azure-confidentialledger-certificate,NEEDS_ACTION,PASS,WARNING,ENABLED,PASS,PASS,PASS,FAIL,UNKNOWN,0,0,0,https://dev.azure.com/azure-sdk/590cfd2a-581c-4dcb-a12e-6568ce786175/_build/results?buildId=5761116,https://dev.azure.com/azure-sdk/590cfd2a-581c-4dcb-a12e-6568ce786175/_build/results?buildId=5740148,https://dev.azure.com/azure-sdk/590cfd2a-581c-4dcb-a12e-6568ce786175/_build/results?buildId=5761116,https://dev.azure.com/azure-sdk/590cfd2a-581c-4dcb-a12e-6568ce786175/_build/results?buildId=5761116,https://dev.azure.com/azure-sdk/590cfd2a-581c-4dcb-a12e-6568ce786175/_build/results?buildId=5761116,https://dev.azure.com/azure-sdk/590cfd2a-581c-4dcb-a12e-6568ce786175/_build/results?buildId=5764520,https://dev.azure.com/azure-sdk/590cfd2a-581c-4dcb-a12e-6568ce786175/_build/results?buildId=5764520,,,,01-17-2026 05:08:29,False
azure-containerregistry,BLOCKED,FAIL,DISABLED,ENABLED,PASS,FAIL,PASS,PASS,FAIL,0,0,1,https://dev.azure.com/azure-sdk/590cfd2a-581c-4dcb-a12e-6568ce786175/_build/results?buildId=5761605,,https://dev.azure.com/azure-sdk/590cfd2a-581c-4dcb-a12e-6568ce786175/_build/results?buildId=5761605,https://dev.azure.com/azure-sdk/590cfd2a-581c-4dcb-a12e-6568ce786175/_build/results?buildId=5761605,https://dev.azure.com/azure-sdk/590cfd2a-581c-4dcb-a12e-6568ce786175/_build/results?buildId=5761605,https://dev.azure.com/azure-sdk/590cfd2a-581c-4dcb-a12e-6568ce786175/_build/results?buildId=5766343,https://dev.azure.com/azure-sdk/590cfd2a-581c-4dcb-a12e-6568ce786175/_build/results?buildId=5766343,,,https://github.com/Azure/azure-sdk-for-python/issues?q=is%3Aopen+is%3Aissue+label%3Acustomer-reported+label%3AClient+label%3A%22Container+Registry%22,01-17-2026 05:08:29,True
azure-core,NEEDS_ACTION,WARNING,DISABLED,ENABLED,WARNING,PASS,PASS,PASS,DISABLED,1,1,3,https://dev.azure.com/azure-sdk/590cfd2a-581c-4dcb-a12e-6568ce786175/_build/results?buildId=5740261,,https://dev.azure.com/azure-sdk/590cfd2a-581c-4dcb-a12e-6568ce786175/_build/results?buildId=5740261,https://dev.azure.com/azure-sdk/590cfd2a-581c-4dcb-a12e-6568ce786175/_build/results?buildId=5761690,https://dev.azure.com/azure-sdk/590cfd2a-581c-4dcb-a12e-6568ce786175/_build/results?buildId=5761690,https://dev.azure.com/azure-sdk/590cfd2a-581c-4dcb-a12e-6568ce786175/_build/results?buildId=5762940,,https://github.com/Azure/azure-sdk-for-python/issues?q=is%3Aopen+is%3Aissue+label%3Acustomer-reported+label%3AClient+-label%3Aissue-addressed+-label%3Abug+-label%3Aneeds-author-feedback+-label%3Afeature-request+label%3A%22Azure.Core%22+created%3A%22%3C2025-12-18%22,https://github.com/Azure/azure-sdk-for-python/issues?q=is%3Aopen+is%3Aissue+label%3Acustomer-reported+label%3AClient+-label%3Aissue-addressed+-label%3Aquestion+-label%3Aneeds-author-feedback+-label%3Afeature-request+label%3A%22Azure.Core%22+created%3A%22%3C2025-10-19%22,https://github.com/Azure/azure-sdk-for-python/issues?q=is%3Aopen+is%3Aissue+label%3Acustomer-reported+label%3AClient+label%3A%22Azure.Core%22,01-17-2026 05:08:29,True
azure-core-experimental,NEEDS_ACTION,WARNING,DISABLED,ENABLED,WARNING,PASS,PASS,PASS,DISABLED,1,1,3,https://dev.azure.com/azure-sdk/590cfd2a-581c-4dcb-a12e-6568ce786175/_build/results?buildId=5740261,,https://dev.azure.com/azure-sdk/590cfd2a-581c-4dcb-a12e-6568ce786175/_build/results?buildId=5740261,https://dev.azure.com/azure-sdk/590cfd2a-581c-4dcb-a12e-6568ce786175/_build/results?buildId=5761690,https://dev.azure.com/azure-sdk/590cfd2a-581c-4dcb-a12e-6568ce786175/_build/results?buildId=5761690,https://dev.azure.com/azure-sdk/590cfd2a-581c-4dcb-a12e-6568ce786175/_build/results?buildId=5762940,,https://github.com/Azure/azure-sdk-for-python/issues?q=is%3Aopen+is%3Aissue+label%3Acustomer-reported+label%3AClient+-label%3Aissue-addressed+-label%3Abug+-label%3Aneeds-author-feedback+-label%3Afeature-request+label%3A%22Azure.Core%22+created%3A%22%3C2025-12-18%22,https://github.com/Azure/azure-sdk-for-python/issues?q=is%3Aopen+is%3Aissue+label%3Acustomer-reported+label%3AClient+-label%3Aissue-addressed+-label%3Aquestion+-label%3Aneeds-author-feedback+-label%3Afeature-request+label%3A%22Azure.Core%22+created%3A%22%3C2025-10-19%22,https://github.com/Azure/azure-sdk-for-python/issues?q=is%3Aopen+is%3Aissue+label%3Acustomer-reported+label%3AClient+label%3A%22Azure.Core%22,01-17-2026 05:08:29,True
azure-core-tracing-opentelemetry,NEEDS_ACTION,WARNING,DISABLED,ENABLED,WARNING,PASS,PASS,PASS,DISABLED,1,1,3,https://dev.azure.com/azure-sdk/590cfd2a-581c-4dcb-a12e-6568ce786175/_build/results?buildId=5740261,,https://dev.azure.com/azure-sdk/590cfd2a-581c-4dcb-a12e-6568ce786175/_build/results?buildId=5740261,https://dev.azure.com/azure-sdk/590cfd2a-581c-4dcb-a12e-6568ce786175/_build/results?buildId=5761690,https://dev.azure.com/azure-sdk/590cfd2a-581c-4dcb-a12e-6568ce786175/_build/results?buildId=5761690,https://dev.azure.com/azure-sdk/590cfd2a-581c-4dcb-a12e-6568ce786175/_build/results?buildId=5762940,,https://github.com/Azure/azure-sdk-for-python/issues?q=is%3Aopen+is%3Aissue+label%3Acustomer-reported+label%3AClient+-label%3Aissue-addressed+-label%3Abug+-label%3Aneeds-author-feedback+-label%3Afeature-request+label%3A%22Azure.Core%22+created%3A%22%3C2025-12-18%22,https://github.com/Azure/azure-sdk-for-python/issues?q=is%3Aopen+is%3Aissue+label%3Acustomer-reported+label%3AClient+-label%3Aissue-addressed+-label%3Aquestion+-label%3Aneeds-author-feedback+-label%3Afeature-request+label%3A%22Azure.Core%22+created%3A%22%3C2025-10-19%22,https://github.com/Azure/azure-sdk-for-python/issues?q=is%3Aopen+is%3Aissue+label%3Acustomer-reported+label%3AClient+label%3A%22Azure.Core%22,01-17-2026 05:08:29,True
azure-cosmos,NEEDS_ACTION,PASS,DISABLED,ENABLED,WARNING,PASS,PASS,FAIL,DISABLED,4,2,8,https://dev.azure.com/azure-sdk/590cfd2a-581c-4dcb-a12e-6568ce786175/_build/results?buildId=5761759,,https://dev.azure.com/azure-sdk/590cfd2a-581c-4dcb-a12e-6568ce786175/_build/results?buildId=5740492,https://dev.azure.com/azure-sdk/590cfd2a-581c-4dcb-a12e-6568ce786175/_build/results?buildId=5761759,https://dev.azure.com/azure-sdk/590cfd2a-581c-4dcb-a12e-6568ce786175/_build/results?buildId=5761759,https://dev.azure.com/azure-sdk/590cfd2a-581c-4dcb-a12e-6568ce786175/_build/results?buildId=5763000,,https://github.com/Azure/azure-sdk-for-python/issues?q=is%3Aopen+is%3Aissue+label%3Acustomer-reported+label%3AClient+-label%3Aissue-addressed+-label%3Abug+-label%3Aneeds-author-feedback+-label%3Afeature-request+label%3A%22Cosmos%22+created%3A%22%3C2025-12-18%22,https://github.com/Azure/azure-sdk-for-python/issues?q=is%3Aopen+is%3Aissue+label%3Acustomer-reported+label%3AClient+-label%3Aissue-addressed+-label%3Aquestion+-label%3Aneeds-author-feedback+-label%3Afeature-request+label%3A%22Cosmos%22+created%3A%22%3C2025-10-19%22,https://github.com/Azure/azure-sdk-for-python/issues?q=is%3Aopen+is%3Aissue+label%3Acustomer-reported+label%3AClient+label%3A%22Cosmos%22,01-17-2026 05:08:29,False
azure-data-tables,GOOD,PASS,DISABLED,ENABLED,PASS,PASS,PASS,FAIL,UNKNOWN,1,0,5,https://dev.azure.com/azure-sdk/590cfd2a-581c-4dcb-a12e-6568ce786175/_build/results?buildId=5764086,,https://dev.azure.com/azure-sdk/590cfd2a-581c-4dcb-a12e-6568ce786175/_build/results?buildId=5764086,https://dev.azure.com/azure-sdk/590cfd2a-581c-4dcb-a12e-6568ce786175/_build/results?buildId=5764086,https://dev.azure.com/azure-sdk/590cfd2a-581c-4dcb-a12e-6568ce786175/_build/results?buildId=5764086,https://dev.azure.com/azure-sdk/590cfd2a-581c-4dcb-a12e-6568ce786175/_build/results?buildId=5764172,https://dev.azure.com/azure-sdk/590cfd2a-581c-4dcb-a12e-6568ce786175/_build/results?buildId=5764172,https://github.com/Azure/azure-sdk-for-python/issues?q=is%3Aopen+is%3Aissue+label%3Acustomer-reported+label%3AClient+-label%3Aissue-addressed+-label%3Abug+-label%3Aneeds-author-feedback+-label%3Afeature-request+label%3A%22Tables%22+created%3A%22%3C2025-12-18%22,,https://github.com/Azure/azure-sdk-for-python/issues?q=is%3Aopen+is%3Aissue+label%3Acustomer-reported+label%3AClient+label%3A%22Tables%22,01-17-2026 05:08:29,True
azure-defender-easm,BLOCKED,PASS,FAIL,ENABLED,FAIL,PASS,FAIL,UNKNOWN,DISABLED,1,0,1,https://dev.azure.com/azure-sdk/590cfd2a-581c-4dcb-a12e-6568ce786175/_build/results?buildId=5761698,https://dev.azure.com/azure-sdk/590cfd2a-581c-4dcb-a12e-6568ce786175/_build/results?buildId=5761698,https://dev.azure.com/azure-sdk/590cfd2a-581c-4dcb-a12e-6568ce786175/_build/results?buildId=5761698,https://dev.azure.com/azure-sdk/590cfd2a-581c-4dcb-a12e-6568ce786175/_build/results?buildId=5761698,https://dev.azure.com/azure-sdk/590cfd2a-581c-4dcb-a12e-6568ce786175/_build/results?buildId=5761698,,,https://github.com/Azure/azure-sdk-for-python/issues?q=is%3Aopen+is%3Aissue+label%3Acustomer-reported+label%3AClient+-label%3Aissue-addressed+-label%3Abug+-label%3Aneeds-author-feedback+-label%3Afeature-request+label%3A%22Defender+EASM%22+created%3A%22%3C2025-12-18%22,,https://github.com/Azure/azure-sdk-for-python/issues?q=is%3Aopen+is%3Aissue+label%3Acustomer-reported+label%3AClient+label%3A%22Defender+EASM%22,01-17-2026 05:08:29,False
azure-developer-devcenter,BLOCKED,FAIL,DISABLED,ENABLED,DISABLED,PASS,PASS,UNKNOWN,DISABLED,0,0,0,https://dev.azure.com/azure-sdk/590cfd2a-581c-4dcb-a12e-6568ce786175/_build/results?buildId=5761938,,,https://dev.azure.com/azure-sdk/590cfd2a-581c-4dcb-a12e-6568ce786175/_build/results?buildId=5761938,https://dev.azure.com/azure-sdk/590cfd2a-581c-4dcb-a12e-6568ce786175/_build/results?buildId=5761938,,,,,,01-17-2026 05:08:29,False
azure-developer-loadtesting,BLOCKED,FAIL,DISABLED,ENABLED,DISABLED,FAIL,FAIL,UNKNOWN,DISABLED,0,0,0,https://dev.azure.com/azure-sdk/590cfd2a-581c-4dcb-a12e-6568ce786175/_build/results?buildId=5761606,,,https://dev.azure.com/azure-sdk/590cfd2a-581c-4dcb-a12e-6568ce786175/_build/results?buildId=5761606,https://dev.azure.com/azure-sdk/590cfd2a-581c-4dcb-a12e-6568ce786175/_build/results?buildId=5761606,,,,,,01-17-2026 05:08:29,False
azure-digitaltwins-core,BLOCKED,PASS,DISABLED,ENABLED,PASS,FAIL,FAIL,FAIL,DISABLED,0,0,0,https://dev.azure.com/azure-sdk/590cfd2a-581c-4dcb-a12e-6568ce786175/_build/results?buildId=5762927,,https://dev.azure.com/azure-sdk/590cfd2a-581c-4dcb-a12e-6568ce786175/_build/results?buildId=5762927,https://dev.azure.com/azure-sdk/590cfd2a-581c-4dcb-a12e-6568ce786175/_build/results?buildId=5762927,https://dev.azure.com/azure-sdk/590cfd2a-581c-4dcb-a12e-6568ce786175/_build/results?buildId=5762927,https://dev.azure.com/azure-sdk/590cfd2a-581c-4dcb-a12e-6568ce786175/_build/results?buildId=5763120,,,,,01-17-2026 05:08:29,False
azure-eventgrid,BLOCKED,PASS,DISABLED,ENABLED,PASS,PASS,FAIL,PASS,PASS,0,0,0,https://dev.azure.com/azure-sdk/590cfd2a-581c-4dcb-a12e-6568ce786175/_build/results?buildId=5762050,,https://dev.azure.com/azure-sdk/590cfd2a-581c-4dcb-a12e-6568ce786175/_build/results?buildId=5762050,https://dev.azure.com/azure-sdk/590cfd2a-581c-4dcb-a12e-6568ce786175/_build/results?buildId=5762050,https://dev.azure.com/azure-sdk/590cfd2a-581c-4dcb-a12e-6568ce786175/_build/results?buildId=5762050,https://dev.azure.com/azure-sdk/590cfd2a-581c-4dcb-a12e-6568ce786175/_build/results?buildId=5764631,https://dev.azure.com/azure-sdk/590cfd2a-581c-4dcb-a12e-6568ce786175/_build/results?buildId=5764631,,,,01-17-2026 05:08:29,True
azure-eventhub,BLOCKED,FAIL,DISABLED,ENABLED,WARNING,PASS,PASS,FAIL,UNKNOWN,3,0,5,https://dev.azure.com/azure-sdk/590cfd2a-581c-4dcb-a12e-6568ce786175/_build/results?buildId=5762117,,https://dev.azure.com/azure-sdk/590cfd2a-581c-4dcb-a12e-6568ce786175/_build/results?buildId=4952590,https://dev.azure.com/azure-sdk/590cfd2a-581c-4dcb-a12e-6568ce786175/_build/results?buildId=5762117,https://dev.azure.com/azure-sdk/590cfd2a-581c-4dcb-a12e-6568ce786175/_build/results?buildId=5762117,https://dev.azure.com/azure-sdk/590cfd2a-581c-4dcb-a12e-6568ce786175/_build/results?buildId=5762557,https://dev.azure.com/azure-sdk/590cfd2a-581c-4dcb-a12e-6568ce786175/_build/results?buildId=5762557,https://github.com/Azure/azure-sdk-for-python/issues?q=is%3Aopen+is%3Aissue+label%3Acustomer-reported+label%3AClient+-label%3Aissue-addressed+-label%3Abug+-label%3Aneeds-author-feedback+-label%3Afeature-request+label%3A%22Event+Hubs%22+created%3A%22%3C2025-12-18%22,,https://github.com/Azure/azure-sdk-for-python/issues?q=is%3Aopen+is%3Aissue+label%3Acustomer-reported+label%3AClient+label%3A%22Event+Hubs%22,01-17-2026 05:08:29,True
azure-eventhub-checkpointstoreblob,BLOCKED,FAIL,DISABLED,ENABLED,WARNING,PASS,PASS,FAIL,UNKNOWN,3,0,5,https://dev.azure.com/azure-sdk/590cfd2a-581c-4dcb-a12e-6568ce786175/_build/results?buildId=5762117,,https://dev.azure.com/azure-sdk/590cfd2a-581c-4dcb-a12e-6568ce786175/_build/results?buildId=4952590,https://dev.azure.com/azure-sdk/590cfd2a-581c-4dcb-a12e-6568ce786175/_build/results?buildId=5762117,https://dev.azure.com/azure-sdk/590cfd2a-581c-4dcb-a12e-6568ce786175/_build/results?buildId=5762117,https://dev.azure.com/azure-sdk/590cfd2a-581c-4dcb-a12e-6568ce786175/_build/results?buildId=5762557,https://dev.azure.com/azure-sdk/590cfd2a-581c-4dcb-a12e-6568ce786175/_build/results?buildId=5762557,https://github.com/Azure/azure-sdk-for-python/issues?q=is%3Aopen+is%3Aissue+label%3Acustomer-reported+label%3AClient+-label%3Aissue-addressed+-label%3Abug+-label%3Aneeds-author-feedback+-label%3Afeature-request+label%3A%22Event+Hubs%22+created%3A%22%3C2025-12-18%22,,https://github.com/Azure/azure-sdk-for-python/issues?q=is%3Aopen+is%3Aissue+label%3Acustomer-reported+label%3AClient+label%3A%22Event+Hubs%22,01-17-2026 05:08:29,True
azure-eventhub-checkpointstoreblob-aio,BLOCKED,FAIL,DISABLED,ENABLED,WARNING,PASS,PASS,FAIL,UNKNOWN,3,0,5,https://dev.azure.com/azure-sdk/590cfd2a-581c-4dcb-a12e-6568ce786175/_build/results?buildId=5762117,,https://dev.azure.com/azure-sdk/590cfd2a-581c-4dcb-a12e-6568ce786175/_build/results?buildId=4952590,https://dev.azure.com/azure-sdk/590cfd2a-581c-4dcb-a12e-6568ce786175/_build/results?buildId=5762117,https://dev.azure.com/azure-sdk/590cfd2a-581c-4dcb-a12e-6568ce786175/_build/results?buildId=5762117,https://dev.azure.com/azure-sdk/590cfd2a-581c-4dcb-a12e-6568ce786175/_build/results?buildId=5762557,https://dev.azure.com/azure-sdk/590cfd2a-581c-4dcb-a12e-6568ce786175/_build/results?buildId=5762557,https://github.com/Azure/azure-sdk-for-python/issues?q=is%3Aopen+is%3Aissue+label%3Acustomer-reported+label%3AClient+-label%3Aissue-addressed+-label%3Abug+-label%3Aneeds-author-feedback+-label%3Afeature-request+label%3A%22Event+Hubs%22+created%3A%22%3C2025-12-18%22,,https://github.com/Azure/azure-sdk-for-python/issues?q=is%3Aopen+is%3Aissue+label%3Acustomer-reported+label%3AClient+label%3A%22Event+Hubs%22,01-17-2026 05:08:29,True
azure-health-deidentification,BLOCKED,PASS,FAIL,ENABLED,PASS,PASS,FAIL,UNKNOWN,UNKNOWN,0,0,0,https://dev.azure.com/azure-sdk/590cfd2a-581c-4dcb-a12e-6568ce786175/_build/results?buildId=5761531,https://dev.azure.com/azure-sdk/590cfd2a-581c-4dcb-a12e-6568ce786175/_build/results?buildId=5761531,https://dev.azure.com/azure-sdk/590cfd2a-581c-4dcb-a12e-6568ce786175/_build/results?buildId=5761531,https://dev.azure.com/azure-sdk/590cfd2a-581c-4dcb-a12e-6568ce786175/_build/results?buildId=5761531,https://dev.azure.com/azure-sdk/590cfd2a-581c-4dcb-a12e-6568ce786175/_build/results?buildId=5761531,https://dev.azure.com/azure-sdk/590cfd2a-581c-4dcb-a12e-6568ce786175/_build/results?buildId=5761566,https://dev.azure.com/azure-sdk/590cfd2a-581c-4dcb-a12e-6568ce786175/_build/results?buildId=5761566,,,,01-17-2026 05:08:29,False
azure-healthinsights-cancerprofiling,BLOCKED,PASS,DISABLED,ENABLED,DISABLED,PASS,FAIL,FAIL,DISABLED,0,0,0,https://dev.azure.com/azure-sdk/590cfd2a-581c-4dcb-a12e-6568ce786175/_build/results?buildId=5765727,,,https://dev.azure.com/azure-sdk/590cfd2a-581c-4dcb-a12e-6568ce786175/_build/results?buildId=5765727,https://dev.azure.com/azure-sdk/590cfd2a-581c-4dcb-a12e-6568ce786175/_build/results?buildId=5765727,https://dev.azure.com/azure-sdk/590cfd2a-581c-4dcb-a12e-6568ce786175/_build/results?buildId=5765586,,,,,01-17-2026 05:08:29,False
azure-healthinsights-clinicalmatching,BLOCKED,PASS,DISABLED,ENABLED,DISABLED,DISABLED,FAIL,FAIL,DISABLED,0,0,0,https://dev.azure.com/azure-sdk/590cfd2a-581c-4dcb-a12e-6568ce786175/_build/results?buildId=5765727,,,,https://dev.azure.com/azure-sdk/590cfd2a-581c-4dcb-a12e-6568ce786175/_build/results?buildId=5765727,https://dev.azure.com/azure-sdk/590cfd2a-581c-4dcb-a12e-6568ce786175/_build/results?buildId=5765586,,,,,01-17-2026 05:08:29,False
azure-healthinsights-radiologyinsights,BLOCKED,PASS,FAIL,ENABLED,PASS,PASS,FAIL,FAIL,DISABLED,0,0,0,https://dev.azure.com/azure-sdk/590cfd2a-581c-4dcb-a12e-6568ce786175/_build/results?buildId=5765727,https://dev.azure.com/azure-sdk/590cfd2a-581c-4dcb-a12e-6568ce786175/_build/results?buildId=5765727,https://dev.azure.com/azure-sdk/590cfd2a-581c-4dcb-a12e-6568ce786175/_build/results?buildId=5765727,https://dev.azure.com/azure-sdk/590cfd2a-581c-4dcb-a12e-6568ce786175/_build/results?buildId=5765727,https://dev.azure.com/azure-sdk/590cfd2a-581c-4dcb-a12e-6568ce786175/_build/results?buildId=5765727,https://dev.azure.com/azure-sdk/590cfd2a-581c-4dcb-a12e-6568ce786175/_build/results?buildId=5765586,,,,,01-17-2026 05:08:29,False
azure-identity,BLOCKED,PASS,DISABLED,ENABLED,WARNING,PASS,FAIL,PASS,DISABLED,3,0,7,https://dev.azure.com/azure-sdk/590cfd2a-581c-4dcb-a12e-6568ce786175/_build/results?buildId=5765739,,https://dev.azure.com/azure-sdk/590cfd2a-581c-4dcb-a12e-6568ce786175/_build/results?buildId=5740819,https://dev.azure.com/azure-sdk/590cfd2a-581c-4dcb-a12e-6568ce786175/_build/results?buildId=5765739,https://dev.azure.com/azure-sdk/590cfd2a-581c-4dcb-a12e-6568ce786175/_build/results?buildId=5765739,https://dev.azure.com/azure-sdk/590cfd2a-581c-4dcb-a12e-6568ce786175/_build/results?buildId=5763292,,https://github.com/Azure/azure-sdk-for-python/issues?q=is%3Aopen+is%3Aissue+label%3Acustomer-reported+label%3AClient+-label%3Aissue-addressed+-label%3Abug+-label%3Aneeds-author-feedback+-label%3Afeature-request+label%3A%22Azure.Identity%22+created%3A%22%3C2025-12-18%22,,https://github.com/Azure/azure-sdk-for-python/issues?q=is%3Aopen+is%3Aissue+label%3Acustomer-reported+label%3AClient+label%3A%22Azure.Identity%22,01-17-2026 05:08:29,True
azure-identity-broker,BLOCKED,PASS,DISABLED,ENABLED,WARNING,PASS,FAIL,PASS,DISABLED,3,0,7,https://dev.azure.com/azure-sdk/590cfd2a-581c-4dcb-a12e-6568ce786175/_build/results?buildId=5765739,,https://dev.azure.com/azure-sdk/590cfd2a-581c-4dcb-a12e-6568ce786175/_build/results?buildId=5740819,https://dev.azure.com/azure-sdk/590cfd2a-581c-4dcb-a12e-6568ce786175/_build/results?buildId=5765739,https://dev.azure.com/azure-sdk/590cfd2a-581c-4dcb-a12e-6568ce786175/_build/results?buildId=5765739,https://dev.azure.com/azure-sdk/590cfd2a-581c-4dcb-a12e-6568ce786175/_build/results?buildId=5763292,,https://github.com/Azure/azure-sdk-for-python/issues?q=is%3Aopen+is%3Aissue+label%3Acustomer-reported+label%3AClient+-label%3Aissue-addressed+-label%3Abug+-label%3Aneeds-author-feedback+-label%3Afeature-request+label%3A%22Azure.Identity%22+created%3A%22%3C2025-12-18%22,,https://github.com/Azure/azure-sdk-for-python/issues?q=is%3Aopen+is%3Aissue+label%3Acustomer-reported+label%3AClient+label%3A%22Azure.Identity%22,01-17-2026 05:08:29,True
azure-iot-deviceprovisioning,BLOCKED,WARNING,FAIL,ENABLED,DISABLED,PASS,FAIL,UNKNOWN,DISABLED,0,0,0,https://dev.azure.com/azure-sdk/590cfd2a-581c-4dcb-a12e-6568ce786175/_build/results?buildId=5739779,https://dev.azure.com/azure-sdk/590cfd2a-581c-4dcb-a12e-6568ce786175/_build/results?buildId=5762448,,https://dev.azure.com/azure-sdk/590cfd2a-581c-4dcb-a12e-6568ce786175/_build/results?buildId=5762448,https://dev.azure.com/azure-sdk/590cfd2a-581c-4dcb-a12e-6568ce786175/_build/results?buildId=5762448,,,,,,01-17-2026 05:08:29,False
azure-iot-deviceupdate,BLOCKED,DISABLED,DISABLED,DISABLED,DISABLED,DISABLED,DISABLED,DISABLED,DISABLED,0,0,0,,,,,,,,,,,01-17-2026 05:08:29,False
azure-keyvault-administration,BLOCKED,FAIL,DISABLED,ENABLED,PASS,PASS,FAIL,FAIL,DISABLED,0,0,1,https://dev.azure.com/azure-sdk/590cfd2a-581c-4dcb-a12e-6568ce786175/_build/results?buildId=5762509,,https://dev.azure.com/azure-sdk/590cfd2a-581c-4dcb-a12e-6568ce786175/_build/results?buildId=5762509,https://dev.azure.com/azure-sdk/590cfd2a-581c-4dcb-a12e-6568ce786175/_build/results?buildId=5762509,https://dev.azure.com/azure-sdk/590cfd2a-581c-4dcb-a12e-6568ce786175/_build/results?buildId=5762509,https://dev.azure.com/azure-sdk/590cfd2a-581c-4dcb-a12e-6568ce786175/_build/results?buildId=5763436,,,,https://github.com/Azure/azure-sdk-for-python/issues?q=is%3Aopen+is%3Aissue+label%3Acustomer-reported+label%3AClient+label%3A%22KeyVault%22,01-17-2026 05:08:29,True
azure-keyvault-certificates,BLOCKED,FAIL,DISABLED,ENABLED,PASS,PASS,FAIL,FAIL,DISABLED,0,0,1,https://dev.azure.com/azure-sdk/590cfd2a-581c-4dcb-a12e-6568ce786175/_build/results?buildId=5762509,,https://dev.azure.com/azure-sdk/590cfd2a-581c-4dcb-a12e-6568ce786175/_build/results?buildId=5762509,https://dev.azure.com/azure-sdk/590cfd2a-581c-4dcb-a12e-6568ce786175/_build/results?buildId=5762509,https://dev.azure.com/azure-sdk/590cfd2a-581c-4dcb-a12e-6568ce786175/_build/results?buildId=5762509,https://dev.azure.com/azure-sdk/590cfd2a-581c-4dcb-a12e-6568ce786175/_build/results?buildId=5763436,,,,https://github.com/Azure/azure-sdk-for-python/issues?q=is%3Aopen+is%3Aissue+label%3Acustomer-reported+label%3AClient+label%3A%22KeyVault%22,01-17-2026 05:08:29,True
azure-keyvault-keys,BLOCKED,FAIL,DISABLED,ENABLED,PASS,PASS,FAIL,FAIL,DISABLED,0,0,1,https://dev.azure.com/azure-sdk/590cfd2a-581c-4dcb-a12e-6568ce786175/_build/results?buildId=5762509,,https://dev.azure.com/azure-sdk/590cfd2a-581c-4dcb-a12e-6568ce786175/_build/results?buildId=5762509,https://dev.azure.com/azure-sdk/590cfd2a-581c-4dcb-a12e-6568ce786175/_build/results?buildId=5762509,https://dev.azure.com/azure-sdk/590cfd2a-581c-4dcb-a12e-6568ce786175/_build/results?buildId=5762509,https://dev.azure.com/azure-sdk/590cfd2a-581c-4dcb-a12e-6568ce786175/_build/results?buildId=5763436,,,,https://github.com/Azure/azure-sdk-for-python/issues?q=is%3Aopen+is%3Aissue+label%3Acustomer-reported+label%3AClient+label%3A%22KeyVault%22,01-17-2026 05:08:29,True
azure-keyvault-secrets,BLOCKED,FAIL,FAIL,ENABLED,PASS,PASS,FAIL,FAIL,DISABLED,0,0,1,https://dev.azure.com/azure-sdk/590cfd2a-581c-4dcb-a12e-6568ce786175/_build/results?buildId=5762509,https://dev.azure.com/azure-sdk/590cfd2a-581c-4dcb-a12e-6568ce786175/_build/results?buildId=5762509,https://dev.azure.com/azure-sdk/590cfd2a-581c-4dcb-a12e-6568ce786175/_build/results?buildId=5762509,https://dev.azure.com/azure-sdk/590cfd2a-581c-4dcb-a12e-6568ce786175/_build/results?buildId=5762509,https://dev.azure.com/azure-sdk/590cfd2a-581c-4dcb-a12e-6568ce786175/_build/results?buildId=5762509,https://dev.azure.com/azure-sdk/590cfd2a-581c-4dcb-a12e-6568ce786175/_build/results?buildId=5763436,,,,https://github.com/Azure/azure-sdk-for-python/issues?q=is%3Aopen+is%3Aissue+label%3Acustomer-reported+label%3AClient+label%3A%22KeyVault%22,01-17-2026 05:08:29,True
azure-keyvault-securitydomain,BLOCKED,FAIL,FAIL,ENABLED,PASS,PASS,FAIL,FAIL,DISABLED,0,0,1,https://dev.azure.com/azure-sdk/590cfd2a-581c-4dcb-a12e-6568ce786175/_build/results?buildId=5762509,https://dev.azure.com/azure-sdk/590cfd2a-581c-4dcb-a12e-6568ce786175/_build/results?buildId=5762509,https://dev.azure.com/azure-sdk/590cfd2a-581c-4dcb-a12e-6568ce786175/_build/results?buildId=5762509,https://dev.azure.com/azure-sdk/590cfd2a-581c-4dcb-a12e-6568ce786175/_build/results?buildId=5762509,https://dev.azure.com/azure-sdk/590cfd2a-581c-4dcb-a12e-6568ce786175/_build/results?buildId=5762509,https://dev.azure.com/azure-sdk/590cfd2a-581c-4dcb-a12e-6568ce786175/_build/results?buildId=5763436,,,,https://github.com/Azure/azure-sdk-for-python/issues?q=is%3Aopen+is%3Aissue+label%3Acustomer-reported+label%3AClient+label%3A%22KeyVault%22,01-17-2026 05:08:29,False
azure-maps-geolocation,NEEDS_ACTION,UNKNOWN,DISABLED,ENABLED,UNKNOWN,PASS,PASS,FAIL,UNKNOWN,1,0,1,https://dev.azure.com/azure-sdk/590cfd2a-581c-4dcb-a12e-6568ce786175/_build/results?buildId=5762171,,https://dev.azure.com/azure-sdk/590cfd2a-581c-4dcb-a12e-6568ce786175/_build/results?buildId=5762171,https://dev.azure.com/azure-sdk/590cfd2a-581c-4dcb-a12e-6568ce786175/_build/results?buildId=5762171,https://dev.azure.com/azure-sdk/590cfd2a-581c-4dcb-a12e-6568ce786175/_build/results?buildId=5762171,https://dev.azure.com/azure-sdk/590cfd2a-581c-4dcb-a12e-6568ce786175/_build/results?buildId=5766145,https://dev.azure.com/azure-sdk/590cfd2a-581c-4dcb-a12e-6568ce786175/_build/results?buildId=5766145,https://github.com/Azure/azure-sdk-for-python/issues?q=is%3Aopen+is%3Aissue+label%3Acustomer-reported+label%3AClient+-label%3Aissue-addressed+-label%3Abug+-label%3Aneeds-author-feedback+-label%3Afeature-request+label%3A%22Maps%22+created%3A%22%3C2025-12-18%22,,https://github.com/Azure/azure-sdk-for-python/issues?q=is%3Aopen+is%3Aissue+label%3Acustomer-reported+label%3AClient+label%3A%22Maps%22,01-17-2026 05:08:29,False
azure-maps-render,NEEDS_ACTION,UNKNOWN,DISABLED,ENABLED,UNKNOWN,PASS,PASS,FAIL,UNKNOWN,1,0,1,https://dev.azure.com/azure-sdk/590cfd2a-581c-4dcb-a12e-6568ce786175/_build/results?buildId=5762171,,https://dev.azure.com/azure-sdk/590cfd2a-581c-4dcb-a12e-6568ce786175/_build/results?buildId=5762171,https://dev.azure.com/azure-sdk/590cfd2a-581c-4dcb-a12e-6568ce786175/_build/results?buildId=5762171,https://dev.azure.com/azure-sdk/590cfd2a-581c-4dcb-a12e-6568ce786175/_build/results?buildId=5762171,https://dev.azure.com/azure-sdk/590cfd2a-581c-4dcb-a12e-6568ce786175/_build/results?buildId=5766145,https://dev.azure.com/azure-sdk/590cfd2a-581c-4dcb-a12e-6568ce786175/_build/results?buildId=5766145,https://github.com/Azure/azure-sdk-for-python/issues?q=is%3Aopen+is%3Aissue+label%3Acustomer-reported+label%3AClient+-label%3Aissue-addressed+-label%3Abug+-label%3Aneeds-author-feedback+-label%3Afeature-request+label%3A%22Maps%22+created%3A%22%3C2025-12-18%22,,https://github.com/Azure/azure-sdk-for-python/issues?q=is%3Aopen+is%3Aissue+label%3Acustomer-reported+label%3AClient+label%3A%22Maps%22,01-17-2026 05:08:29,False
azure-maps-route,NEEDS_ACTION,UNKNOWN,DISABLED,ENABLED,UNKNOWN,PASS,PASS,FAIL,UNKNOWN,1,0,1,https://dev.azure.com/azure-sdk/590cfd2a-581c-4dcb-a12e-6568ce786175/_build/results?buildId=5762171,,https://dev.azure.com/azure-sdk/590cfd2a-581c-4dcb-a12e-6568ce786175/_build/results?buildId=5762171,https://dev.azure.com/azure-sdk/590cfd2a-581c-4dcb-a12e-6568ce786175/_build/results?buildId=5762171,https://dev.azure.com/azure-sdk/590cfd2a-581c-4dcb-a12e-6568ce786175/_build/results?buildId=5762171,https://dev.azure.com/azure-sdk/590cfd2a-581c-4dcb-a12e-6568ce786175/_build/results?buildId=5766145,https://dev.azure.com/azure-sdk/590cfd2a-581c-4dcb-a12e-6568ce786175/_build/results?buildId=5766145,https://github.com/Azure/azure-sdk-for-python/issues?q=is%3Aopen+is%3Aissue+label%3Acustomer-reported+label%3AClient+-label%3Aissue-addressed+-label%3Abug+-label%3Aneeds-author-feedback+-label%3Afeature-request+label%3A%22Maps%22+created%3A%22%3C2025-12-18%22,,https://github.com/Azure/azure-sdk-for-python/issues?q=is%3Aopen+is%3Aissue+label%3Acustomer-reported+label%3AClient+label%3A%22Maps%22,01-17-2026 05:08:29,False
azure-maps-search,NEEDS_ACTION,UNKNOWN,DISABLED,ENABLED,UNKNOWN,PASS,PASS,FAIL,UNKNOWN,1,0,1,https://dev.azure.com/azure-sdk/590cfd2a-581c-4dcb-a12e-6568ce786175/_build/results?buildId=5762171,,https://dev.azure.com/azure-sdk/590cfd2a-581c-4dcb-a12e-6568ce786175/_build/results?buildId=5762171,https://dev.azure.com/azure-sdk/590cfd2a-581c-4dcb-a12e-6568ce786175/_build/results?buildId=5762171,https://dev.azure.com/azure-sdk/590cfd2a-581c-4dcb-a12e-6568ce786175/_build/results?buildId=5762171,https://dev.azure.com/azure-sdk/590cfd2a-581c-4dcb-a12e-6568ce786175/_build/results?buildId=5766145,https://dev.azure.com/azure-sdk/590cfd2a-581c-4dcb-a12e-6568ce786175/_build/results?buildId=5766145,https://github.com/Azure/azure-sdk-for-python/issues?q=is%3Aopen+is%3Aissue+label%3Acustomer-reported+label%3AClient+-label%3Aissue-addressed+-label%3Abug+-label%3Aneeds-author-feedback+-label%3Afeature-request+label%3A%22Maps%22+created%3A%22%3C2025-12-18%22,,https://github.com/Azure/azure-sdk-for-python/issues?q=is%3Aopen+is%3Aissue+label%3Acustomer-reported+label%3AClient+label%3A%22Maps%22,01-17-2026 05:08:29,False
azure-maps-timezone,NEEDS_ACTION,UNKNOWN,DISABLED,ENABLED,UNKNOWN,PASS,PASS,FAIL,UNKNOWN,1,0,1,https://dev.azure.com/azure-sdk/590cfd2a-581c-4dcb-a12e-6568ce786175/_build/results?buildId=5762171,,https://dev.azure.com/azure-sdk/590cfd2a-581c-4dcb-a12e-6568ce786175/_build/results?buildId=5762171,https://dev.azure.com/azure-sdk/590cfd2a-581c-4dcb-a12e-6568ce786175/_build/results?buildId=5762171,https://dev.azure.com/azure-sdk/590cfd2a-581c-4dcb-a12e-6568ce786175/_build/results?buildId=5762171,https://dev.azure.com/azure-sdk/590cfd2a-581c-4dcb-a12e-6568ce786175/_build/results?buildId=5766145,https://dev.azure.com/azure-sdk/590cfd2a-581c-4dcb-a12e-6568ce786175/_build/results?buildId=5766145,https://github.com/Azure/azure-sdk-for-python/issues?q=is%3Aopen+is%3Aissue+label%3Acustomer-reported+label%3AClient+-label%3Aissue-addressed+-label%3Abug+-label%3Aneeds-author-feedback+-label%3Afeature-request+label%3A%22Maps%22+created%3A%22%3C2025-12-18%22,,https://github.com/Azure/azure-sdk-for-python/issues?q=is%3Aopen+is%3Aissue+label%3Acustomer-reported+label%3AClient+label%3A%22Maps%22,01-17-2026 05:08:29,False
azure-maps-weather,NEEDS_ACTION,UNKNOWN,DISABLED,ENABLED,UNKNOWN,PASS,PASS,FAIL,UNKNOWN,1,0,1,https://dev.azure.com/azure-sdk/590cfd2a-581c-4dcb-a12e-6568ce786175/_build/results?buildId=5762171,,https://dev.azure.com/azure-sdk/590cfd2a-581c-4dcb-a12e-6568ce786175/_build/results?buildId=5762171,https://dev.azure.com/azure-sdk/590cfd2a-581c-4dcb-a12e-6568ce786175/_build/results?buildId=5762171,https://dev.azure.com/azure-sdk/590cfd2a-581c-4dcb-a12e-6568ce786175/_build/results?buildId=5762171,https://dev.azure.com/azure-sdk/590cfd2a-581c-4dcb-a12e-6568ce786175/_build/results?buildId=5766145,https://dev.azure.com/azure-sdk/590cfd2a-581c-4dcb-a12e-6568ce786175/_build/results?buildId=5766145,https://github.com/Azure/azure-sdk-for-python/issues?q=is%3Aopen+is%3Aissue+label%3Acustomer-reported+label%3AClient+-label%3Aissue-addressed+-label%3Abug+-label%3Aneeds-author-feedback+-label%3Afeature-request+label%3A%22Maps%22+created%3A%22%3C2025-12-18%22,,https://github.com/Azure/azure-sdk-for-python/issues?q=is%3Aopen+is%3Aissue+label%3Acustomer-reported+label%3AClient+label%3A%22Maps%22,01-17-2026 05:08:29,False
azure-messaging-webpubsubclient,BLOCKED,WARNING,DISABLED,ENABLED,DISABLED,PASS,FAIL,PASS,PASS,0,0,0,https://dev.azure.com/azure-sdk/590cfd2a-581c-4dcb-a12e-6568ce786175/_build/results?buildId=5740872,,,https://dev.azure.com/azure-sdk/590cfd2a-581c-4dcb-a12e-6568ce786175/_build/results?buildId=5763464,https://dev.azure.com/azure-sdk/590cfd2a-581c-4dcb-a12e-6568ce786175/_build/results?buildId=5763464,https://dev.azure.com/azure-sdk/590cfd2a-581c-4dcb-a12e-6568ce786175/_build/results?buildId=2733455,https://dev.azure.com/azure-sdk/590cfd2a-581c-4dcb-a12e-6568ce786175/_build/results?buildId=2733455,,,,01-17-2026 05:08:29,False
azure-messaging-webpubsubservice,BLOCKED,DISABLED,DISABLED,ENABLED,DISABLED,PASS,FAIL,PASS,PASS,0,0,0,,,,https://dev.azure.com/azure-sdk/590cfd2a-581c-4dcb-a12e-6568ce786175/_build/results?buildId=5763464,https://dev.azure.com/azure-sdk/590cfd2a-581c-4dcb-a12e-6568ce786175/_build/results?buildId=5763464,https://dev.azure.com/azure-sdk/590cfd2a-581c-4dcb-a12e-6568ce786175/_build/results?buildId=2733455,https://dev.azure.com/azure-sdk/590cfd2a-581c-4dcb-a12e-6568ce786175/_build/results?buildId=2733455,,,,01-17-2026 05:08:29,False
azure-mgmt-core,NEEDS_ACTION,WARNING,DISABLED,ENABLED,WARNING,PASS,PASS,PASS,DISABLED,1,1,3,https://dev.azure.com/azure-sdk/590cfd2a-581c-4dcb-a12e-6568ce786175/_build/results?buildId=5740261,,https://dev.azure.com/azure-sdk/590cfd2a-581c-4dcb-a12e-6568ce786175/_build/results?buildId=5740261,https://dev.azure.com/azure-sdk/590cfd2a-581c-4dcb-a12e-6568ce786175/_build/results?buildId=5761690,https://dev.azure.com/azure-sdk/590cfd2a-581c-4dcb-a12e-6568ce786175/_build/results?buildId=5761690,https://dev.azure.com/azure-sdk/590cfd2a-581c-4dcb-a12e-6568ce786175/_build/results?buildId=5762940,,https://github.com/Azure/azure-sdk-for-python/issues?q=is%3Aopen+is%3Aissue+label%3Acustomer-reported+label%3AClient+-label%3Aissue-addressed+-label%3Abug+-label%3Aneeds-author-feedback+-label%3Afeature-request+label%3A%22Azure.Core%22+created%3A%22%3C2025-12-18%22,https://github.com/Azure/azure-sdk-for-python/issues?q=is%3Aopen+is%3Aissue+label%3Acustomer-reported+label%3AClient+-label%3Aissue-addressed+-label%3Aquestion+-label%3Aneeds-author-feedback+-label%3Afeature-request+label%3A%22Azure.Core%22+created%3A%22%3C2025-10-19%22,https://github.com/Azure/azure-sdk-for-python/issues?q=is%3Aopen+is%3Aissue+label%3Acustomer-reported+label%3AClient+label%3A%22Azure.Core%22,01-17-2026 05:08:29,True
azure-mixedreality-authentication,BLOCKED,DISABLED,DISABLED,DISABLED,DISABLED,DISABLED,DISABLED,DISABLED,DISABLED,0,0,0,,,,,,,,,,,01-17-2026 05:08:29,False
azure-monitor-ingestion,BLOCKED,UNKNOWN,UNKNOWN,ENABLED,UNKNOWN,FAIL,FAIL,FAIL,DISABLED,0,0,1,https://dev.azure.com/azure-sdk/590cfd2a-581c-4dcb-a12e-6568ce786175/_build/results?buildId=5762725,https://dev.azure.com/azure-sdk/590cfd2a-581c-4dcb-a12e-6568ce786175/_build/results?buildId=5762725,https://dev.azure.com/azure-sdk/590cfd2a-581c-4dcb-a12e-6568ce786175/_build/results?buildId=5762725,https://dev.azure.com/azure-sdk/590cfd2a-581c-4dcb-a12e-6568ce786175/_build/results?buildId=5762725,https://dev.azure.com/azure-sdk/590cfd2a-581c-4dcb-a12e-6568ce786175/_build/results?buildId=5762725,https://dev.azure.com/azure-sdk/590cfd2a-581c-4dcb-a12e-6568ce786175/_build/results?buildId=5761561,,,,https://github.com/Azure/azure-sdk-for-python/issues?q=is%3Aopen+is%3Aissue+label%3Acustomer-reported+label%3AClient+label%3A%22Monitor%22,01-17-2026 05:08:29,True
azure-monitor-opentelemetry,BLOCKED,UNKNOWN,DISABLED,ENABLED,UNKNOWN,FAIL,FAIL,FAIL,DISABLED,0,1,3,https://dev.azure.com/azure-sdk/590cfd2a-581c-4dcb-a12e-6568ce786175/_build/results?buildId=5762725,,https://dev.azure.com/azure-sdk/590cfd2a-581c-4dcb-a12e-6568ce786175/_build/results?buildId=5762725,https://dev.azure.com/azure-sdk/590cfd2a-581c-4dcb-a12e-6568ce786175/_build/results?buildId=5762725,https://dev.azure.com/azure-sdk/590cfd2a-581c-4dcb-a12e-6568ce786175/_build/results?buildId=5762725,https://dev.azure.com/azure-sdk/590cfd2a-581c-4dcb-a12e-6568ce786175/_build/results?buildId=5761561,,,https://github.com/Azure/azure-sdk-for-python/issues?q=is%3Aopen+is%3Aissue+label%3Acustomer-reported+label%3AClient+-label%3Aissue-addressed+-label%3Aquestion+-label%3Aneeds-author-feedback+-label%3Afeature-request+label%3A%22Monitor+-+Distro%22+created%3A%22%3C2025-10-19%22,https://github.com/Azure/azure-sdk-for-python/issues?q=is%3Aopen+is%3Aissue+label%3Acustomer-reported+label%3AClient+label%3A%22Monitor+-+Distro%22,01-17-2026 05:08:29,False
azure-monitor-opentelemetry-exporter,BLOCKED,UNKNOWN,DISABLED,ENABLED,UNKNOWN,FAIL,FAIL,FAIL,DISABLED,1,0,2,https://dev.azure.com/azure-sdk/590cfd2a-581c-4dcb-a12e-6568ce786175/_build/results?buildId=5762725,,https://dev.azure.com/azure-sdk/590cfd2a-581c-4dcb-a12e-6568ce786175/_build/results?buildId=5762725,https://dev.azure.com/azure-sdk/590cfd2a-581c-4dcb-a12e-6568ce786175/_build/results?buildId=5762725,https://dev.azure.com/azure-sdk/590cfd2a-581c-4dcb-a12e-6568ce786175/_build/results?buildId=5762725,https://dev.azure.com/azure-sdk/590cfd2a-581c-4dcb-a12e-6568ce786175/_build/results?buildId=5761561,,https://github.com/Azure/azure-sdk-for-python/issues?q=is%3Aopen+is%3Aissue+label%3Acustomer-reported+label%3AClient+-label%3Aissue-addressed+-label%3Abug+-label%3Aneeds-author-feedback+-label%3Afeature-request+label%3A%22Monitor+-+Exporter%22+created%3A%22%3C2025-12-18%22,,https://github.com/Azure/azure-sdk-for-python/issues?q=is%3Aopen+is%3Aissue+label%3Acustomer-reported+label%3AClient+label%3A%22Monitor+-+Exporter%22,01-17-2026 05:08:29,False
azure-monitor-query,BLOCKED,UNKNOWN,UNKNOWN,ENABLED,UNKNOWN,FAIL,FAIL,FAIL,DISABLED,0,0,1,https://dev.azure.com/azure-sdk/590cfd2a-581c-4dcb-a12e-6568ce786175/_build/results?buildId=5762725,https://dev.azure.com/azure-sdk/590cfd2a-581c-4dcb-a12e-6568ce786175/_build/results?buildId=5762725,https://dev.azure.com/azure-sdk/590cfd2a-581c-4dcb-a12e-6568ce786175/_build/results?buildId=5762725,https://dev.azure.com/azure-sdk/590cfd2a-581c-4dcb-a12e-6568ce786175/_build/results?buildId=5762725,https://dev.azure.com/azure-sdk/590cfd2a-581c-4dcb-a12e-6568ce786175/_build/results?buildId=5762725,https://dev.azure.com/azure-sdk/590cfd2a-581c-4dcb-a12e-6568ce786175/_build/results?buildId=5761561,,,,https://github.com/Azure/azure-sdk-for-python/issues?q=is%3Aopen+is%3Aissue+label%3Acustomer-reported+label%3AClient+label%3A%22Monitor%22,01-17-2026 05:08:29,True
azure-monitor-querymetrics,BLOCKED,UNKNOWN,UNKNOWN,ENABLED,UNKNOWN,FAIL,FAIL,FAIL,DISABLED,0,0,1,https://dev.azure.com/azure-sdk/590cfd2a-581c-4dcb-a12e-6568ce786175/_build/results?buildId=5762725,https://dev.azure.com/azure-sdk/590cfd2a-581c-4dcb-a12e-6568ce786175/_build/results?buildId=5762725,https://dev.azure.com/azure-sdk/590cfd2a-581c-4dcb-a12e-6568ce786175/_build/results?buildId=5762725,https://dev.azure.com/azure-sdk/590cfd2a-581c-4dcb-a12e-6568ce786175/_build/results?buildId=5762725,https://dev.azure.com/azure-sdk/590cfd2a-581c-4dcb-a12e-6568ce786175/_build/results?buildId=5762725,https://dev.azure.com/azure-sdk/590cfd2a-581c-4dcb-a12e-6568ce786175/_build/results?buildId=5761561,,,,https://github.com/Azure/azure-sdk-for-python/issues?q=is%3Aopen+is%3Aissue+label%3Acustomer-reported+label%3AClient+label%3A%22Monitor%22,01-17-2026 05:08:29,False
azure-onlineexperimentation,BLOCKED,WARNING,FAIL,ENABLED,WARNING,PASS,PASS,UNKNOWN,DISABLED,0,0,0,,https://dev.azure.com/azure-sdk/590cfd2a-581c-4dcb-a12e-6568ce786175/_build/results?buildId=5764033,,https://dev.azure.com/azure-sdk/590cfd2a-581c-4dcb-a12e-6568ce786175/_build/results?buildId=5764033,https://dev.azure.com/azure-sdk/590cfd2a-581c-4dcb-a12e-6568ce786175/_build/results?buildId=5764033,,,,,,01-17-2026 05:08:29,False
azure-planetarycomputer,BLOCKED,WARNING,FAIL,ENABLED,WARNING,PASS,PASS,UNKNOWN,DISABLED,0,0,0,,https://dev.azure.com/azure-sdk/590cfd2a-581c-4dcb-a12e-6568ce786175/_build/results?buildId=5765296,,https://dev.azure.com/azure-sdk/590cfd2a-581c-4dcb-a12e-6568ce786175/_build/results?buildId=5765296,https://dev.azure.com/azure-sdk/590cfd2a-581c-4dcb-a12e-6568ce786175/_build/results?buildId=5765296,,,,,,01-17-2026 05:08:29,False
azure-projects,BLOCKED,FAIL,DISABLED,ENABLED,WARNING,PASS,FAIL,PASS,FAIL,0,0,0,https://dev.azure.com/azure-sdk/590cfd2a-581c-4dcb-a12e-6568ce786175/_build/results?buildId=5765679,,https://dev.azure.com/azure-sdk/590cfd2a-581c-4dcb-a12e-6568ce786175/_build/results?buildId=5740551,https://dev.azure.com/azure-sdk/590cfd2a-581c-4dcb-a12e-6568ce786175/_build/results?buildId=5765679,https://dev.azure.com/azure-sdk/590cfd2a-581c-4dcb-a12e-6568ce786175/_build/results?buildId=5765679,https://dev.azure.com/azure-sdk/590cfd2a-581c-4dcb-a12e-6568ce786175/_build/results?buildId=5765740,https://dev.azure.com/azure-sdk/590cfd2a-581c-4dcb-a12e-6568ce786175/_build/results?buildId=5765740,,,,01-17-2026 05:08:29,False
azure-purview-administration,BLOCKED,DISABLED,DISABLED,DISABLED,DISABLED,DISABLED,DISABLED,DISABLED,DISABLED,2,1,3,,,,,,,,https://github.com/Azure/azure-sdk-for-python/issues?q=is%3Aopen+is%3Aissue+label%3Acustomer-reported+label%3AClient+-label%3Aissue-addressed+-label%3Abug+-label%3Aneeds-author-feedback+-label%3Afeature-request+label%3A%22Purview%22+created%3A%22%3C2025-12-18%22,https://github.com/Azure/azure-sdk-for-python/issues?q=is%3Aopen+is%3Aissue+label%3Acustomer-reported+label%3AClient+-label%3Aissue-addressed+-label%3Aquestion+-label%3Aneeds-author-feedback+-label%3Afeature-request+label%3A%22Purview%22+created%3A%22%3C2025-10-19%22,https://github.com/Azure/azure-sdk-for-python/issues?q=is%3Aopen+is%3Aissue+label%3Acustomer-reported+label%3AClient+label%3A%22Purview%22,01-17-2026 05:08:29,False
azure-purview-datamap,BLOCKED,WARNING,FAIL,ENABLED,DISABLED,DISABLED,FAIL,UNKNOWN,DISABLED,2,1,3,https://dev.azure.com/azure-sdk/590cfd2a-581c-4dcb-a12e-6568ce786175/_build/results?buildId=5740448,https://dev.azure.com/azure-sdk/590cfd2a-581c-4dcb-a12e-6568ce786175/_build/results?buildId=5765406,,,https://dev.azure.com/azure-sdk/590cfd2a-581c-4dcb-a12e-6568ce786175/_build/results?buildId=5765406,,,https://github.com/Azure/azure-sdk-for-python/issues?q=is%3Aopen+is%3Aissue+label%3Acustomer-reported+label%3AClient+-label%3Aissue-addressed+-label%3Abug+-label%3Aneeds-author-feedback+-label%3Afeature-request+label%3A%22Purview%22+created%3A%22%3C2025-12-18%22,https://github.com/Azure/azure-sdk-for-python/issues?q=is%3Aopen+is%3Aissue+label%3Acustomer-reported+label%3AClient+-label%3Aissue-addressed+-label%3Aquestion+-label%3Aneeds-author-feedback+-label%3Afeature-request+label%3A%22Purview%22+created%3A%22%3C2025-10-19%22,https://github.com/Azure/azure-sdk-for-python/issues?q=is%3Aopen+is%3Aissue+label%3Acustomer-reported+label%3AClient+label%3A%22Purview%22,01-17-2026 05:08:29,False
azure-purview-scanning,BLOCKED,DISABLED,DISABLED,DISABLED,DISABLED,DISABLED,DISABLED,DISABLED,DISABLED,2,1,3,,,,,,,,https://github.com/Azure/azure-sdk-for-python/issues?q=is%3Aopen+is%3Aissue+label%3Acustomer-reported+label%3AClient+-label%3Aissue-addressed+-label%3Abug+-label%3Aneeds-author-feedback+-label%3Afeature-request+label%3A%22Purview%22+created%3A%22%3C2025-12-18%22,https://github.com/Azure/azure-sdk-for-python/issues?q=is%3Aopen+is%3Aissue+label%3Acustomer-reported+label%3AClient+-label%3Aissue-addressed+-label%3Aquestion+-label%3Aneeds-author-feedback+-label%3Afeature-request+label%3A%22Purview%22+created%3A%22%3C2025-10-19%22,https://github.com/Azure/azure-sdk-for-python/issues?q=is%3Aopen+is%3Aissue+label%3Acustomer-reported+label%3AClient+label%3A%22Purview%22,01-17-2026 05:08:29,False
azure-purview-sharing,BLOCKED,WARNING,DISABLED,ENABLED,DISABLED,DISABLED,FAIL,UNKNOWN,DISABLED,2,1,3,https://dev.azure.com/azure-sdk/590cfd2a-581c-4dcb-a12e-6568ce786175/_build/results?buildId=5740448,,,,https://dev.azure.com/azure-sdk/590cfd2a-581c-4dcb-a12e-6568ce786175/_build/results?buildId=5765406,,,https://github.com/Azure/azure-sdk-for-python/issues?q=is%3Aopen+is%3Aissue+label%3Acustomer-reported+label%3AClient+-label%3Aissue-addressed+-label%3Abug+-label%3Aneeds-author-feedback+-label%3Afeature-request+label%3A%22Purview%22+created%3A%22%3C2025-12-18%22,https://github.com/Azure/azure-sdk-for-python/issues?q=is%3Aopen+is%3Aissue+label%3Acustomer-reported+label%3AClient+-label%3Aissue-addressed+-label%3Aquestion+-label%3Aneeds-author-feedback+-label%3Afeature-request+label%3A%22Purview%22+created%3A%22%3C2025-10-19%22,https://github.com/Azure/azure-sdk-for-python/issues?q=is%3Aopen+is%3Aissue+label%3Acustomer-reported+label%3AClient+label%3A%22Purview%22,01-17-2026 05:08:29,False
azure-purview-workflow,BLOCKED,WARNING,FAIL,ENABLED,FAIL,PASS,FAIL,UNKNOWN,DISABLED,2,1,3,https://dev.azure.com/azure-sdk/590cfd2a-581c-4dcb-a12e-6568ce786175/_build/results?buildId=5740448,https://dev.azure.com/azure-sdk/590cfd2a-581c-4dcb-a12e-6568ce786175/_build/results?buildId=5765406,https://dev.azure.com/azure-sdk/590cfd2a-581c-4dcb-a12e-6568ce786175/_build/results?buildId=5765406,https://dev.azure.com/azure-sdk/590cfd2a-581c-4dcb-a12e-6568ce786175/_build/results?buildId=5765406,https://dev.azure.com/azure-sdk/590cfd2a-581c-4dcb-a12e-6568ce786175/_build/results?buildId=5765406,,,https://github.com/Azure/azure-sdk-for-python/issues?q=is%3Aopen+is%3Aissue+label%3Acustomer-reported+label%3AClient+-label%3Aissue-addressed+-label%3Abug+-label%3Aneeds-author-feedback+-label%3Afeature-request+label%3A%22Purview%22+created%3A%22%3C2025-12-18%22,https://github.com/Azure/azure-sdk-for-python/issues?q=is%3Aopen+is%3Aissue+label%3Acustomer-reported+label%3AClient+-label%3Aissue-addressed+-label%3Aquestion+-label%3Aneeds-author-feedback+-label%3Afeature-request+label%3A%22Purview%22+created%3A%22%3C2025-10-19%22,https://github.com/Azure/azure-sdk-for-python/issues?q=is%3Aopen+is%3Aissue+label%3Acustomer-reported+label%3AClient+label%3A%22Purview%22,01-17-2026 05:08:29,False
azure-schemaregistry,GOOD,PASS,DISABLED,ENABLED,PASS,PASS,PASS,PASS,DISABLED,0,0,0,https://dev.azure.com/azure-sdk/590cfd2a-581c-4dcb-a12e-6568ce786175/_build/results?buildId=5762650,,https://dev.azure.com/azure-sdk/590cfd2a-581c-4dcb-a12e-6568ce786175/_build/results?buildId=5762650,https://dev.azure.com/azure-sdk/590cfd2a-581c-4dcb-a12e-6568ce786175/_build/results?buildId=5762650,https://dev.azure.com/azure-sdk/590cfd2a-581c-4dcb-a12e-6568ce786175/_build/results?buildId=5762650,https://dev.azure.com/azure-sdk/590cfd2a-581c-4dcb-a12e-6568ce786175/_build/results?buildId=5765782,,,,,01-17-2026 05:08:29,True
azure-schemaregistry-avroencoder,GOOD,PASS,DISABLED,ENABLED,PASS,PASS,PASS,PASS,DISABLED,0,0,0,https://dev.azure.com/azure-sdk/590cfd2a-581c-4dcb-a12e-6568ce786175/_build/results?buildId=5762650,,https://dev.azure.com/azure-sdk/590cfd2a-581c-4dcb-a12e-6568ce786175/_build/results?buildId=5762650,https://dev.azure.com/azure-sdk/590cfd2a-581c-4dcb-a12e-6568ce786175/_build/results?buildId=5762650,https://dev.azure.com/azure-sdk/590cfd2a-581c-4dcb-a12e-6568ce786175/_build/results?buildId=5762650,https://dev.azure.com/azure-sdk/590cfd2a-581c-4dcb-a12e-6568ce786175/_build/results?buildId=5765782,,,,,01-17-2026 05:08:29,True
azure-search-documents,BLOCKED,PASS,DISABLED,ENABLED,PASS,PASS,FAIL,UNKNOWN,DISABLED,4,0,6,https://dev.azure.com/azure-sdk/590cfd2a-581c-4dcb-a12e-6568ce786175/_build/results?buildId=5763138,,https://dev.azure.com/azure-sdk/590cfd2a-581c-4dcb-a12e-6568ce786175/_build/results?buildId=5763138,https://dev.azure.com/azure-sdk/590cfd2a-581c-4dcb-a12e-6568ce786175/_build/results?buildId=5763138,https://dev.azure.com/azure-sdk/590cfd2a-581c-4dcb-a12e-6568ce786175/_build/results?buildId=5763138,https://dev.azure.com/azure-sdk/590cfd2a-581c-4dcb-a12e-6568ce786175/_build/results?buildId=5763218,,https://github.com/Azure/azure-sdk-for-python/issues?q=is%3Aopen+is%3Aissue+label%3Acustomer-reported+label%3AClient+-label%3Aissue-addressed+-label%3Abug+-label%3Aneeds-author-feedback+-label%3Afeature-request+label%3A%22Search%22+created%3A%22%3C2025-12-18%22,,https://github.com/Azure/azure-sdk-for-python/issues?q=is%3Aopen+is%3Aissue+label%3Acustomer-reported+label%3AClient+label%3A%22Search%22,01-17-2026 05:08:29,True
azure-security-attestation,BLOCKED,DISABLED,DISABLED,DISABLED,DISABLED,DISABLED,DISABLED,DISABLED,DISABLED,0,0,0,,,,,,,,,,,01-17-2026 05:08:29,False
azure-servicebus,BLOCKED,FAIL,DISABLED,ENABLED,WARNING,PASS,PASS,PASS,DISABLED,10,1,11,https://dev.azure.com/azure-sdk/590cfd2a-581c-4dcb-a12e-6568ce786175/_build/results?buildId=5763190,,https://dev.azure.com/azure-sdk/590cfd2a-581c-4dcb-a12e-6568ce786175/_build/results?buildId=5255438,https://dev.azure.com/azure-sdk/590cfd2a-581c-4dcb-a12e-6568ce786175/_build/results?buildId=5763190,https://dev.azure.com/azure-sdk/590cfd2a-581c-4dcb-a12e-6568ce786175/_build/results?buildId=5763190,https://dev.azure.com/azure-sdk/590cfd2a-581c-4dcb-a12e-6568ce786175/_build/results?buildId=5762271,,https://github.com/Azure/azure-sdk-for-python/issues?q=is%3Aopen+is%3Aissue+label%3Acustomer-reported+label%3AClient+-label%3Aissue-addressed+-label%3Abug+-label%3Aneeds-author-feedback+-label%3Afeature-request+label%3A%22Service+Bus%22+created%3A%22%3C2025-12-18%22,https://github.com/Azure/azure-sdk-for-python/issues?q=is%3Aopen+is%3Aissue+label%3Acustomer-reported+label%3AClient+-label%3Aissue-addressed+-label%3Aquestion+-label%3Aneeds-author-feedback+-label%3Afeature-request+label%3A%22Service+Bus%22+created%3A%22%3C2025-10-19%22,https://github.com/Azure/azure-sdk-for-python/issues?q=is%3Aopen+is%3Aissue+label%3Acustomer-reported+label%3AClient+label%3A%22Service+Bus%22,01-17-2026 05:08:29,True
azure-storage-blob,BLOCKED,WARNING,DISABLED,ENABLED,WARNING,PASS,FAIL,PASS,PASS,3,2,8,https://dev.azure.com/azure-sdk/590cfd2a-581c-4dcb-a12e-6568ce786175/_build/results?buildId=5741393,,https://dev.azure.com/azure-sdk/590cfd2a-581c-4dcb-a12e-6568ce786175/_build/results?buildId=5741393,https://dev.azure.com/azure-sdk/590cfd2a-581c-4dcb-a12e-6568ce786175/_build/results?buildId=5766149,https://dev.azure.com/azure-sdk/590cfd2a-581c-4dcb-a12e-6568ce786175/_build/results?buildId=5766149,https://dev.azure.com/azure-sdk/590cfd2a-581c-4dcb-a12e-6568ce786175/_build/results?buildId=5763716,https://dev.azure.com/azure-sdk/590cfd2a-581c-4dcb-a12e-6568ce786175/_build/results?buildId=5763716,https://github.com/Azure/azure-sdk-for-python/issues?q=is%3Aopen+is%3Aissue+label%3Acustomer-reported+label%3AClient+-label%3Aissue-addressed+-label%3Abug+-label%3Aneeds-author-feedback+-label%3Afeature-request+label%3A%22Storage%22+created%3A%22%3C2025-12-18%22,https://github.com/Azure/azure-sdk-for-python/issues?q=is%3Aopen+is%3Aissue+label%3Acustomer-reported+label%3AClient+-label%3Aissue-addressed+-label%3Aquestion+-label%3Aneeds-author-feedback+-label%3Afeature-request+label%3A%22Storage%22+created%3A%22%3C2025-10-19%22,https://github.com/Azure/azure-sdk-for-python/issues?q=is%3Aopen+is%3Aissue+label%3Acustomer-reported+label%3AClient+label%3A%22Storage%22,01-17-2026 05:08:29,False
azure-storage-blob-changefeed,BLOCKED,WARNING,DISABLED,ENABLED,WARNING,PASS,FAIL,PASS,PASS,3,2,8,https://dev.azure.com/azure-sdk/590cfd2a-581c-4dcb-a12e-6568ce786175/_build/results?buildId=5741393,,https://dev.azure.com/azure-sdk/590cfd2a-581c-4dcb-a12e-6568ce786175/_build/results?buildId=5741393,https://dev.azure.com/azure-sdk/590cfd2a-581c-4dcb-a12e-6568ce786175/_build/results?buildId=5766149,https://dev.azure.com/azure-sdk/590cfd2a-581c-4dcb-a12e-6568ce786175/_build/results?buildId=5766149,https://dev.azure.com/azure-sdk/590cfd2a-581c-4dcb-a12e-6568ce786175/_build/results?buildId=5763716,https://dev.azure.com/azure-sdk/590cfd2a-581c-4dcb-a12e-6568ce786175/_build/results?buildId=5763716,https://github.com/Azure/azure-sdk-for-python/issues?q=is%3Aopen+is%3Aissue+label%3Acustomer-reported+label%3AClient+-label%3Aissue-addressed+-label%3Abug+-label%3Aneeds-author-feedback+-label%3Afeature-request+label%3A%22Storage%22+created%3A%22%3C2025-12-18%22,https://github.com/Azure/azure-sdk-for-python/issues?q=is%3Aopen+is%3Aissue+label%3Acustomer-reported+label%3AClient+-label%3Aissue-addressed+-label%3Aquestion+-label%3Aneeds-author-feedback+-label%3Afeature-request+label%3A%22Storage%22+created%3A%22%3C2025-10-19%22,https://github.com/Azure/azure-sdk-for-python/issues?q=is%3Aopen+is%3Aissue+label%3Acustomer-reported+label%3AClient+label%3A%22Storage%22,01-17-2026 05:08:29,False
azure-storage-extensions,BLOCKED,DISABLED,DISABLED,DISABLED,DISABLED,DISABLED,FAIL,PASS,PASS,3,2,8,,,,,https://dev.azure.com/azure-sdk/590cfd2a-581c-4dcb-a12e-6568ce786175/_build/results?buildId=5766149,https://dev.azure.com/azure-sdk/590cfd2a-581c-4dcb-a12e-6568ce786175/_build/results?buildId=5763716,https://dev.azure.com/azure-sdk/590cfd2a-581c-4dcb-a12e-6568ce786175/_build/results?buildId=5763716,https://github.com/Azure/azure-sdk-for-python/issues?q=is%3Aopen+is%3Aissue+label%3Acustomer-reported+label%3AClient+-label%3Aissue-addressed+-label%3Abug+-label%3Aneeds-author-feedback+-label%3Afeature-request+label%3A%22Storage%22+created%3A%22%3C2025-12-18%22,https://github.com/Azure/azure-sdk-for-python/issues?q=is%3Aopen+is%3Aissue+label%3Acustomer-reported+label%3AClient+-label%3Aissue-addressed+-label%3Aquestion+-label%3Aneeds-author-feedback+-label%3Afeature-request+label%3A%22Storage%22+created%3A%22%3C2025-10-19%22,https://github.com/Azure/azure-sdk-for-python/issues?q=is%3Aopen+is%3Aissue+label%3Acustomer-reported+label%3AClient+label%3A%22Storage%22,01-17-2026 05:08:29,False
azure-storage-file-datalake,BLOCKED,WARNING,DISABLED,ENABLED,WARNING,PASS,FAIL,PASS,PASS,3,2,8,https://dev.azure.com/azure-sdk/590cfd2a-581c-4dcb-a12e-6568ce786175/_build/results?buildId=5741393,,https://dev.azure.com/azure-sdk/590cfd2a-581c-4dcb-a12e-6568ce786175/_build/results?buildId=5741393,https://dev.azure.com/azure-sdk/590cfd2a-581c-4dcb-a12e-6568ce786175/_build/results?buildId=5766149,https://dev.azure.com/azure-sdk/590cfd2a-581c-4dcb-a12e-6568ce786175/_build/results?buildId=5766149,https://dev.azure.com/azure-sdk/590cfd2a-581c-4dcb-a12e-6568ce786175/_build/results?buildId=5763716,https://dev.azure.com/azure-sdk/590cfd2a-581c-4dcb-a12e-6568ce786175/_build/results?buildId=5763716,https://github.com/Azure/azure-sdk-for-python/issues?q=is%3Aopen+is%3Aissue+label%3Acustomer-reported+label%3AClient+-label%3Aissue-addressed+-label%3Abug+-label%3Aneeds-author-feedback+-label%3Afeature-request+label%3A%22Storage%22+created%3A%22%3C2025-12-18%22,https://github.com/Azure/azure-sdk-for-python/issues?q=is%3Aopen+is%3Aissue+label%3Acustomer-reported+label%3AClient+-label%3Aissue-addressed+-label%3Aquestion+-label%3Aneeds-author-feedback+-label%3Afeature-request+label%3A%22Storage%22+created%3A%22%3C2025-10-19%22,https://github.com/Azure/azure-sdk-for-python/issues?q=is%3Aopen+is%3Aissue+label%3Acustomer-reported+label%3AClient+label%3A%22Storage%22,01-17-2026 05:08:29,False
azure-storage-file-share,BLOCKED,WARNING,DISABLED,ENABLED,WARNING,PASS,FAIL,PASS,PASS,3,2,8,https://dev.azure.com/azure-sdk/590cfd2a-581c-4dcb-a12e-6568ce786175/_build/results?buildId=5741393,,https://dev.azure.com/azure-sdk/590cfd2a-581c-4dcb-a12e-6568ce786175/_build/results?buildId=5741393,https://dev.azure.com/azure-sdk/590cfd2a-581c-4dcb-a12e-6568ce786175/_build/results?buildId=5766149,https://dev.azure.com/azure-sdk/590cfd2a-581c-4dcb-a12e-6568ce786175/_build/results?buildId=5766149,https://dev.azure.com/azure-sdk/590cfd2a-581c-4dcb-a12e-6568ce786175/_build/results?buildId=5763716,https://dev.azure.com/azure-sdk/590cfd2a-581c-4dcb-a12e-6568ce786175/_build/results?buildId=5763716,https://github.com/Azure/azure-sdk-for-python/issues?q=is%3Aopen+is%3Aissue+label%3Acustomer-reported+label%3AClient+-label%3Aissue-addressed+-label%3Abug+-label%3Aneeds-author-feedback+-label%3Afeature-request+label%3A%22Storage%22+created%3A%22%3C2025-12-18%22,https://github.com/Azure/azure-sdk-for-python/issues?q=is%3Aopen+is%3Aissue+label%3Acustomer-reported+label%3AClient+-label%3Aissue-addressed+-label%3Aquestion+-label%3Aneeds-author-feedback+-label%3Afeature-request+label%3A%22Storage%22+created%3A%22%3C2025-10-19%22,https://github.com/Azure/azure-sdk-for-python/issues?q=is%3Aopen+is%3Aissue+label%3Acustomer-reported+label%3AClient+label%3A%22Storage%22,01-17-2026 05:08:29,False
azure-storage-queue,BLOCKED,WARNING,DISABLED,ENABLED,WARNING,PASS,FAIL,PASS,PASS,3,2,8,https://dev.azure.com/azure-sdk/590cfd2a-581c-4dcb-a12e-6568ce786175/_build/results?buildId=5741393,,https://dev.azure.com/azure-sdk/590cfd2a-581c-4dcb-a12e-6568ce786175/_build/results?buildId=5741393,https://dev.azure.com/azure-sdk/590cfd2a-581c-4dcb-a12e-6568ce786175/_build/results?buildId=5766149,https://dev.azure.com/azure-sdk/590cfd2a-581c-4dcb-a12e-6568ce786175/_build/results?buildId=5766149,https://dev.azure.com/azure-sdk/590cfd2a-581c-4dcb-a12e-6568ce786175/_build/results?buildId=5763716,https://dev.azure.com/azure-sdk/590cfd2a-581c-4dcb-a12e-6568ce786175/_build/results?buildId=5763716,https://github.com/Azure/azure-sdk-for-python/issues?q=is%3Aopen+is%3Aissue+label%3Acustomer-reported+label%3AClient+-label%3Aissue-addressed+-label%3Abug+-label%3Aneeds-author-feedback+-label%3Afeature-request+label%3A%22Storage%22+created%3A%22%3C2025-12-18%22,https://github.com/Azure/azure-sdk-for-python/issues?q=is%3Aopen+is%3Aissue+label%3Acustomer-reported+label%3AClient+-label%3Aissue-addressed+-label%3Aquestion+-label%3Aneeds-author-feedback+-label%3Afeature-request+label%3A%22Storage%22+created%3A%22%3C2025-10-19%22,https://github.com/Azure/azure-sdk-for-python/issues?q=is%3Aopen+is%3Aissue+label%3Acustomer-reported+label%3AClient+label%3A%22Storage%22,01-17-2026 05:08:29,False
azure-synapse-accesscontrol,BLOCKED,DISABLED,DISABLED,DISABLED,DISABLED,DISABLED,DISABLED,DISABLED,DISABLED,0,1,2,,,,,,,,,https://github.com/Azure/azure-sdk-for-python/issues?q=is%3Aopen+is%3Aissue+label%3Acustomer-reported+label%3AClient+-label%3Aissue-addressed+-label%3Aquestion+-label%3Aneeds-author-feedback+-label%3Afeature-request+label%3A%22Synapse%22+created%3A%22%3C2025-10-19%22,https://github.com/Azure/azure-sdk-for-python/issues?q=is%3Aopen+is%3Aissue+label%3Acustomer-reported+label%3AClient+label%3A%22Synapse%22,01-17-2026 05:08:29,False
azure-synapse-artifacts,NEEDS_ACTION,DISABLED,DISABLED,ENABLED,DISABLED,DISABLED,PASS,UNKNOWN,DISABLED,0,1,2,,,,,https://dev.azure.com/azure-sdk/590cfd2a-581c-4dcb-a12e-6568ce786175/_build/results?buildId=5765750,,,,https://github.com/Azure/azure-sdk-for-python/issues?q=is%3Aopen+is%3Aissue+label%3Acustomer-reported+label%3AClient+-label%3Aissue-addressed+-label%3Aquestion+-label%3Aneeds-author-feedback+-label%3Afeature-request+label%3A%22Synapse%22+created%3A%22%3C2025-10-19%22,https://github.com/Azure/azure-sdk-for-python/issues?q=is%3Aopen+is%3Aissue+label%3Acustomer-reported+label%3AClient+label%3A%22Synapse%22,01-17-2026 05:08:29,False
azure-synapse-managedprivateendpoints,BLOCKED,DISABLED,DISABLED,DISABLED,DISABLED,DISABLED,DISABLED,DISABLED,DISABLED,0,1,2,,,,,,,,,https://github.com/Azure/azure-sdk-for-python/issues?q=is%3Aopen+is%3Aissue+label%3Acustomer-reported+label%3AClient+-label%3Aissue-addressed+-label%3Aquestion+-label%3Aneeds-author-feedback+-label%3Afeature-request+label%3A%22Synapse%22+created%3A%22%3C2025-10-19%22,https://github.com/Azure/azure-sdk-for-python/issues?q=is%3Aopen+is%3Aissue+label%3Acustomer-reported+label%3AClient+label%3A%22Synapse%22,01-17-2026 05:08:29,False
azure-synapse-monitoring,BLOCKED,DISABLED,DISABLED,DISABLED,DISABLED,DISABLED,DISABLED,DISABLED,DISABLED,0,1,2,,,,,,,,,https://github.com/Azure/azure-sdk-for-python/issues?q=is%3Aopen+is%3Aissue+label%3Acustomer-reported+label%3AClient+-label%3Aissue-addressed+-label%3Aquestion+-label%3Aneeds-author-feedback+-label%3Afeature-request+label%3A%22Synapse%22+created%3A%22%3C2025-10-19%22,https://github.com/Azure/azure-sdk-for-python/issues?q=is%3Aopen+is%3Aissue+label%3Acustomer-reported+label%3AClient+label%3A%22Synapse%22,01-17-2026 05:08:29,False
azure-synapse-spark,BLOCKED,DISABLED,DISABLED,DISABLED,DISABLED,DISABLED,DISABLED,DISABLED,DISABLED,0,1,2,,,,,,,,,https://github.com/Azure/azure-sdk-for-python/issues?q=is%3Aopen+is%3Aissue+label%3Acustomer-reported+label%3AClient+-label%3Aissue-addressed+-label%3Aquestion+-label%3Aneeds-author-feedback+-label%3Afeature-request+label%3A%22Synapse%22+created%3A%22%3C2025-10-19%22,https://github.com/Azure/azure-sdk-for-python/issues?q=is%3Aopen+is%3Aissue+label%3Acustomer-reported+label%3AClient+label%3A%22Synapse%22,01-17-2026 05:08:29,False
corehttp,NEEDS_ACTION,WARNING,DISABLED,ENABLED,WARNING,PASS,PASS,PASS,DISABLED,0,0,0,https://dev.azure.com/azure-sdk/590cfd2a-581c-4dcb-a12e-6568ce786175/_build/results?buildId=5740261,,https://dev.azure.com/azure-sdk/590cfd2a-581c-4dcb-a12e-6568ce786175/_build/results?buildId=5740261,https://dev.azure.com/azure-sdk/590cfd2a-581c-4dcb-a12e-6568ce786175/_build/results?buildId=5761690,https://dev.azure.com/azure-sdk/590cfd2a-581c-4dcb-a12e-6568ce786175/_build/results?buildId=5761690,https://dev.azure.com/azure-sdk/590cfd2a-581c-4dcb-a12e-6568ce786175/_build/results?buildId=5762940,,,,,01-17-2026 05:08:29,True
